id,created_at,name,images,ename,cover,latitude,longitude,parent_id
180,2024-11-01 09:22:05.852616+00,Hải Phòng,"[""https://ak-d.tripcdn.com/images/0102p120008i5argiC331_D_1180_558.jpg?proc=source%2ftrip"",""https://ak-d.tripcdn.com/images/0ww0z12000aumf5jx46E0_D_1180_558.jpg?proc=source%2ftrip"",""https://ak-d.tripcdn.com/images/0ww1612000cncymv67AB3_D_1180_558.jpg?proc=source%2ftrip"",""https://ak-d.tripcdn.com/images/0101r12000aji9tt04EFE_D_1180_558.jpg?proc=source%2ftrip""]",Haiphong,https://ak-d.tripcdn.com/images/0106v120008izr5fd0E2D.jpg,20.86136,106.6798,
181,2024-11-01 09:22:05.852616+00,Hà Nội,"[""https://ak-d.tripcdn.com/images/100a1f000001grlmcB77C_D_1180_558.jpg?proc=source%2ftrip"",""https://ak-d.tripcdn.com/images/1A0p1b000001a0p5q08EF_D_1180_558.jpg?proc=source%2ftrip"",""https://ak-d.tripcdn.com/images/100r0l000000crwc9F7C3_D_1180_558.jpg?proc=source%2ftrip"",""https://ak-d.tripcdn.com/images/0100312000g25wgeo268A_D_1180_558.jpg?proc=source%2ftrip""]",Hanoi,https://ak-d.tripcdn.com/images/0100l12000adm7it2A2A7.jpg,21.030735,105.8524,
218,2024-11-01 09:22:05.852616+00,Vịnh Hạ Long,[],Ha Long Bay,https://ak-d.tripcdn.com/images/01002120008x0rf769778.jpg,20.971197,107.04481,
434,2024-11-01 09:22:05.852616+00,TP. Hồ Chí Minh,"[""https://ak-d.tripcdn.com/images/100e0z000000mrf6b7DB8_D_1180_558.jpg?proc=source%2ftrip"",""https://ak-d.tripcdn.com/images/100t0q000000gbh5yF979_D_1180_558.jpg?proc=source%2ftrip"",""https://ak-d.tripcdn.com/images/0101n120009pr6y6oC159_D_1180_558.png?proc=source%2ftrip"",""https://ak-d.tripcdn.com/images/0102g12000etgu17jAAD1_D_1180_558.jpg?proc=source%2ftrip""]",Ho Chi Minh City,https://ak-d.tripcdn.com/images/100v0x000000lra8w0D50.jpg,10.779791,106.69682,
667,2024-11-01 09:22:05.852616+00,Huế,"[""https://ak-d.tripcdn.com/images/100k1c000001deufpE5B7_D_1180_558.jpg?proc=source%2ftrip"",""https://ak-d.tripcdn.com/images/0ww1j12000de6rslwF231_D_1180_558.jpg?proc=source%2ftrip"",""https://ak-d.tripcdn.com/images/fd/tg/g1/M09/13/E9/CghzflSs1wKAUel8AAOVDUa3pzI161_D_1180_558.jpg?proc=source%2ftrip"",""https://ak-d.tripcdn.com/images/0105y120008jo960jD583_D_1180_558.jpg?proc=source%2ftrip""]",Hue,https://ak-d.tripcdn.com/images/0104i120008x16443A336.jpg,16.46346,107.5847,3170
668,2024-11-01 09:22:05.852616+00,Hội An,"[""https://ak-d.tripcdn.com/images/100i0x000000lf46pEB79_D_1180_558.jpg?proc=source%2ftrip"",""https://ak-d.tripcdn.com/images/0ww1h120009c4cmb34276_D_1180_558.jpg?proc=source%2ftrip"",""https://ak-d.tripcdn.com/images/0101u120009ny85fu071B_D_1180_558.png?proc=source%2ftrip"",""https://ak-d.tripcdn.com/images/10020z000000ngod80B27_D_1180_558.jpg?proc=source%2ftrip""]",Hoi An,https://ak-d.tripcdn.com/images/010241200086v4wgtA798.jpg,15.880058,108.33804,3171
669,2024-11-01 09:22:05.852616+00,Đà Nẵng,"[""https://ak-d.tripcdn.com/images/0102w120009lobm9b078E_D_1180_558.jpg?proc=source%2ftrip"",""https://ak-d.tripcdn.com/images/100i0x000000lf46pEB79_D_1180_558.jpg?proc=source%2ftrip"",""https://ak-d.tripcdn.com/images/1lo6n12000cn4b1owB181_D_1180_558.jpg?proc=source%2ftrip"",""https://ak-d.tripcdn.com/images/0101e120009nyw6tl5534_D_1180_558.png?proc=source%2ftrip""]",Da Nang,https://ak-d.tripcdn.com/images/100o0n000000e08cv00E8.jpg,16.05157,108.2149,
670,2024-11-01 09:22:05.852616+00,Nha Trang,"[""https://ak-d.tripcdn.com/images/100o0e000000700et1D7C_D_1180_558.jpg?proc=source%2ftrip"",""https://ak-d.tripcdn.com/images/100h10000000ou01v7169_D_1180_558.jpg?proc=source%2ftrip"",""https://ak-d.tripcdn.com/images/100k0700000028no18700_D_1180_558.jpg?proc=source%2ftrip"",""https://ak-d.tripcdn.com/images/1lo1i12000evua57vA3DC_D_1180_558.jpg?proc=source%2ftrip""]",Nha Trang,https://ak-d.tripcdn.com/images/100s0y000000mc3qf0838.jpg,12.238791,109.19675,24723
1218,2024-11-01 09:25:35.852438+00,Phan Thiết,"[""https://ak-d.tripcdn.com/images/fd/tg/g4/M08/64/87/CggYHlZv6BWAUdtgABuh6zBZygs841_D_1180_558.jpg?proc=source%2ftrip"",""https://ak-d.tripcdn.com/images/fd/tg/g4/M06/69/8E/CggYHVZv6HeAHHYWACOG9CVitIk222_D_1180_558.jpg?proc=source%2ftrip"",""https://ak-d.tripcdn.com/images/10010z000000nwu0bCAED_D_1180_558.jpg?proc=source%2ftrip"",""https://ak-d.tripcdn.com/images/100g0q000000g9vuk2064_D_1180_558.jpg?proc=source%2ftrip""]",Phan Thiet,https://ak-d.tripcdn.com/images/100f1f000001gqav73ACA.jpg,10.98046,108.261475,3168
1389,2024-11-01 09:22:05.852616+00,Vũng Tàu,"[""https://ak-d.tripcdn.com/images/10090s000000ibkdbAD50_D_1180_558.jpg?proc=source%2ftrip"",""https://ak-d.tripcdn.com/images/0ww2k12000cjh84rv5F71_D_1180_558.jpg?proc=source%2ftrip"",""https://ak-d.tripcdn.com/images/0ww4l12000cnb5yt06FA6_D_1180_558.jpg?proc=source%2ftrip"",""https://ak-d.tripcdn.com/images/1lo5i12000cogrkf9E3E2_D_1180_558.jpg?proc=source%2ftrip""]",Vung Tau,https://ak-d.tripcdn.com/images/100u0s000000i94vpF53E.jpg,10.41138,107.13622,3172
1393,2024-11-01 09:22:05.852616+00,Đà Lạt,"[""https://ak-d.tripcdn.com/images/100k0n000000e7xoeB617_D_1180_558.jpg?proc=source%2ftrip"",""https://ak-d.tripcdn.com/images/100n0z000000mr6nw9611_D_1180_558.jpg?proc=source%2ftrip"",""https://ak-d.tripcdn.com/images/10060z000000nfdq21184_D_1180_558.jpg?proc=source%2ftrip"",""https://ak-d.tripcdn.com/images/10070z000000nzynm0E10_D_1180_558.jpg?proc=source%2ftrip""]",Dalat,https://ak-d.tripcdn.com/images/01052120009bxxskn94F4.jpg,11.942661,108.43691,3173
3168,2024-11-01 09:30:30.027296+00,Bình Thuận,"[""https://ak-d.tripcdn.com/images/fd/tg/g4/M08/64/87/CggYHlZv6BWAUdtgABuh6zBZygs841_D_1180_558.jpg?proc=source%2ftrip"",""https://ak-d.tripcdn.com/images/fd/tg/g4/M06/69/8E/CggYHVZv6HeAHHYWACOG9CVitIk222_D_1180_558.jpg?proc=source%2ftrip"",""https://ak-d.tripcdn.com/images/10010z000000nwu0bCAED_D_1180_558.jpg?proc=source%2ftrip"",""https://ak-d.tripcdn.com/images/100g0q000000g9vuk2064_D_1180_558.jpg?proc=source%2ftrip""]",Binh Thuan Province,https://ak-d.tripcdn.com/images/100f1f000001gqav73ACA.jpg,11.09037,108.072075,
3169,2024-11-01 09:28:07.227724+00,Quảng Ninh,"[""https://ak-d.tripcdn.com/images/fd/tg/g3/M07/60/2A/CggYGVZv57iAcEL5ADZoga-AS7I330_D_1180_558.jpg?proc=source%2ftrip"",""https://ak-d.tripcdn.com/images/0105k120009it0ak83646_D_1180_558.jpg?proc=source%2ftrip"",""https://ak-d.tripcdn.com/images/0ww5s12000ac39rbhD8B7_D_1180_558.jpg?proc=source%2ftrip"",""https://ak-d.tripcdn.com/images/100o10000000oplvi0A37_D_1180_558.jpg?proc=source%2ftrip""]",Quang Ninh Province,https://ak-d.tripcdn.com/images/100t10000000oqs1y607C.jpg,21.006382,107.29251,
3170,2024-11-01 09:35:51.579071+00,Tỉnh Thừa Thiên-Huế,"[""https://ak-d.tripcdn.com/images/100k1c000001deufpE5B7_D_1180_558.jpg?proc=source%2ftrip"",""https://ak-d.tripcdn.com/images/0ww1j12000de6rslwF231_D_1180_558.jpg?proc=source%2ftrip"",""https://ak-d.tripcdn.com/images/0ww0w12000c6csj7b8B19_D_1180_558.jpg?proc=source%2ftrip"",""https://ak-d.tripcdn.com/images/fd/tg/g1/M09/13/E9/CghzflSs1wKAUel8AAOVDUa3pzI161_D_1180_558.jpg?proc=source%2ftrip""]",Tinh Thua Thien-Hue Province,https://ak-d.tripcdn.com/images/01025120008x7p2tfB71E.jpg,16.467398,107.59053,
3171,2024-11-01 09:28:30.698774+00,Quảng Nam,"[""https://ak-d.tripcdn.com/images/100i0x000000lf46pEB79_D_1180_558.jpg?proc=source%2ftrip"",""https://ak-d.tripcdn.com/images/0ww1h120009c4cmb34276_D_1180_558.jpg?proc=source%2ftrip"",""https://ak-d.tripcdn.com/images/0101u120009ny85fu071B_D_1180_558.png?proc=source%2ftrip"",""https://ak-d.tripcdn.com/images/0104s120009lo6vah44CD_D_1180_558.jpg?proc=source%2ftrip""]",Quang Nam Province,https://ak-d.tripcdn.com/images/0105d12000841vs3s4786.jpg,15.539353,108.019104,
3172,2024-11-01 09:28:30.698774+00,Bà Rịa-Vũng Tàu,"[""https://ak-d.tripcdn.com/images/10090s000000ibkdbAD50_D_1180_558.jpg?proc=source%2ftrip"",""https://ak-d.tripcdn.com/images/0ww2k12000cjh84rv5F71_D_1180_558.jpg?proc=source%2ftrip"",""https://ak-d.tripcdn.com/images/0ww4l12000cnb5yt06FA6_D_1180_558.jpg?proc=source%2ftrip"",""https://ak-d.tripcdn.com/images/10010s000000im33w43DA_D_1180_558.jpg?proc=source%2ftrip""]",Ba Ria-Vung Tau Province,https://ak-d.tripcdn.com/images/0ww5512000cnb6fhc8A44.jpg,10.541739,107.243,
3173,2024-11-01 09:28:30.698774+00,Lâm Đồng,"[""https://ak-d.tripcdn.com/images/100k0n000000e7xoeB617_D_1180_558.jpg?proc=source%2ftrip"",""https://ak-d.tripcdn.com/images/100n0z000000mr6nw9611_D_1180_558.jpg?proc=source%2ftrip"",""https://ak-d.tripcdn.com/images/10060z000000nfdq21184_D_1180_558.jpg?proc=source%2ftrip"",""https://ak-d.tripcdn.com/images/10070z000000nzynm0E10_D_1180_558.jpg?proc=source%2ftrip""]",Lam Dong Province,https://ak-d.tripcdn.com/images/10071f000001h6z3fBCC6.jpg,11.575279,108.14287,
15673,2024-11-01 09:32:59.675546+00,Pleiku,[],Pleiku,https://ak-d.tripcdn.com/images/ww011e000001fbagpFF03.png,13.983334,108,24722
15675,2024-11-01 09:28:07.227724+00,Buôn Ma Thuột,"[""https://ak-d.tripcdn.com/images/0ww0712000b77evehD5C4_D_1180_558.jpg?proc=source%2ftrip"",""https://ak-d.tripcdn.com/images/0ww2612000c7crbklF8C1_D_1180_558.jpg?proc=source%2ftrip"",""https://ak-d.tripcdn.com/images/0ww1q12000colbi4i8B26_D_1180_558.jpg?proc=source%2ftrip""]",Buon Ma Thuot,https://ak-d.tripcdn.com/images/0ww4l12000c7cr4us3D0C.jpg,12.666194,108.038246,24724
24722,2024-11-02 17:19:59.605061+00,Gia Lai,[],Gia Lai Province,https://youimg1.tripcdn.com/target/0103o12000agse4tu95C3_D_1180_558.jpg,13.807895,108.109375,
24723,2024-11-01 09:25:35.852438+00,Khánh Hòa,"[""https://ak-d.tripcdn.com/images/100o0e000000700et1D7C_D_1180_558.jpg?proc=source%2ftrip"",""https://ak-d.tripcdn.com/images/100h10000000ou01v7169_D_1180_558.jpg?proc=source%2ftrip"",""https://ak-d.tripcdn.com/images/100k0700000028no18700_D_1180_558.jpg?proc=source%2ftrip"",""https://ak-d.tripcdn.com/images/1lo1i12000evua57vA3DC_D_1180_558.jpg?proc=source%2ftrip""]",Khanh Hoa Province,https://ak-d.tripcdn.com/images/100a12000000s12ic58E1.jpg,12.25851,109.052605,
24724,2024-11-02 17:16:24.357267+00,Đắk Lắk,"[""https://ak-d.tripcdn.com/images/0ww0712000b77evehD5C4_D_1180_558.jpg?proc=source%2ftrip"",""https://ak-d.tripcdn.com/images/0ww2612000c7crbklF8C1_D_1180_558.jpg?proc=source%2ftrip"",""https://ak-d.tripcdn.com/images/0ww0w12000bn6o8w9A1B3_D_1180_558.jpg?proc=source%2ftrip"",""https://ak-d.tripcdn.com/images/0ww1q12000colbi4i8B26_D_1180_558.jpg?proc=source%2ftrip""]",Dak Lak Province,https://ak-d.tripcdn.com/images/0ww4x12000bn6omi34FB5_D_1180_558.jpg,12.7100115,108.237755,
24725,2024-11-01 09:35:51.579071+00,Bến Tre,[],Ben Tre,https://ak-d.tripcdn.com/images/ww0d1e000001fk81xE65E.jpg,10.241361,106.37626,1524614
24726,2024-11-01 09:28:07.227724+00,Đồng Hới,"[""https://ak-d.tripcdn.com/images/ww0a1e000001ezh9n9693_D_1180_558.png?proc=source%2ftrip""]",Dong Hoi,https://ak-d.tripcdn.com/images/ww0a1e000001ezh9n9693.png,17.46416,106.6245,1445808
24728,2024-11-01 09:25:35.852438+00,Quy Nhơn,"[""https://ak-d.tripcdn.com/images/ww041e000001esz8d753D_D_1180_558.png?proc=source%2ftrip""]",Quy Nhon,https://ak-d.tripcdn.com/images/ww0e1e000001f7x22B718.jpg,13.782968,109.219666,1445820
24729,2024-11-01 09:30:30.027296+00,Biên Hòa,"[""https://ak-d.tripcdn.com/images/0ww3t12000cuwjoa89C3F_D_1180_558.jpg?proc=source%2ftrip""]",Bien Hoa,https://ak-d.tripcdn.com/images/0101o1200085as8ac3E96.jpg,10.957413,106.84269,1445832
24730,2024-11-05 05:59:05.336432+00,Đông Dương,[],Duong Dong,https://youimg1.tripcdn.com/target/0103o12000agse4tu95C3.jpg,20.505377,106.34932,1540835
24731,2024-11-03 05:23:54.417049+00,Lai Châu,"[""https://ak-d.tripcdn.com/images/0ww3a12000axys47x971D_D_1180_558.jpg?proc=source%2ftrip"",""https://ak-d.tripcdn.com/images/1lo1v12000dcjtlo80818_D_1180_558.jpg?proc=source%2ftrip""]",Lai Chau Province,https://ak-d.tripcdn.com/images/1lo0w12000dcjtoe31D2A_D_1180_558.jpg,22.368662,103.311905,
24732,2024-11-01 09:35:51.579071+00,Rạch Giá,[],Rach Gia,https://ak-d.tripcdn.com/images/0ww6w12000cq4jaqaF60B.jpg,10.021507,105.091095,1445816
24733,2024-11-01 09:30:30.027296+00,Cà Mau,[],Ca Mau,https://ak-d.tripcdn.com/images/0ww0w12000953fnff7E80.jpg,9.183333,105.15,1524647
24735,2024-11-01 09:28:30.698774+00,Lào Cai,[],Lao Cai,https://ak-d.tripcdn.com/images/0ww16120009537xmjE6E7.jpg,22.480944,103.975494,1445658
24736,2024-11-01 09:25:35.852438+00,Sa Pa,"[""https://ak-d.tripcdn.com/images/0100t120008xfafnq6CDB_D_1180_558.jpg?proc=source%2ftrip"",""https://ak-d.tripcdn.com/images/0102o120008ie2os9BD6D_D_1180_558.jpg?proc=source%2ftrip"",""https://ak-d.tripcdn.com/images/0ww6w12000cnns6rz761A_D_1180_558.jpg?proc=source%2ftrip"",""https://ak-d.tripcdn.com/images/0ww5112000cv3ft2a1821_D_1180_558.jpg?proc=source%2ftrip""]",Sapa,https://ak-d.tripcdn.com/images/0103x120008ah4e4aDAEA.jpg,22.33636,103.84379,1445658
24737,2024-11-01 09:25:35.852438+00,Cần Thơ,"[""https://ak-d.tripcdn.com/images/10030n000000e5qbu6808_D_1180_558.jpg?proc=source%2ftrip"",""https://ak-d.tripcdn.com/images/0ww2k12000cq6khem7882_D_1180_558.jpg?proc=source%2ftrip""]",Can Tho,https://ak-d.tripcdn.com/images/0100e120008hq72paBC72.jpg,10.03183,105.7838,
24739,2024-11-05 05:59:27.016514+00,Long Hải,"[""https://ak-d.tripcdn.com/images/ww0e1e000001ey9f47A19_D_1180_558.png?proc=source%2ftrip""]",Long Hai,https://ak-d.tripcdn.com/images/0ww4t12000crdajyq7B93.jpg,10.406721,107.23709,2134232
24740,2024-11-01 09:32:59.675546+00,Thành phố Sóc Trăng,[],Soc Trang,https://ak-d.tripcdn.com/images/0ww3q12000colyyw70C7C.jpg,9.602521,105.97391,1524648
24741,2024-11-03 05:42:11.368462+00,Cao Bằng,"[""https://ak-d.tripcdn.com/images/0ww3z12000c6vpm9e04C7_D_1180_558.jpg?proc=source%2ftrip""]",Cao Bang Province,https://ak-d.tripcdn.com/images/ww0t1e000001eys5u5DB5_D_1180_558.png,22.635689,106.25221,
24742,2024-11-01 09:28:30.698774+00,Hà Giang,"[""https://ak-d.tripcdn.com/images/0ww4t12000cnh50j64409_D_1180_558.jpg?proc=source%2ftrip""]",Ha Giang,https://ak-d.tripcdn.com/images/100i0g00000087o9j65D5.jpg,22.802559,104.97845,1524634
24743,2024-11-01 09:38:22.518516+00,Long Xuyên,[],Long Xuyen,https://ak-d.tripcdn.com/images/0ww1x120009c17apu76CB.jpg,10.375941,105.41854,1445834
24744,2024-11-01 09:38:22.518516+00,Sơn La,[],Son La,https://ak-d.tripcdn.com/images/0ww0s12000b92o3ruA713.jpg,21.34553,103.8912,1524635
24745,2024-11-05 05:54:39.5689+00,TP. Cao Lãnh,[],TP. Cao Lanh,https://youimg1.tripcdn.com/target/0103o12000agse4tu95C3.jpg,10.454972,105.63403,1524594
24747,2024-11-01 09:30:30.027296+00,Lương Sơn,[],Luong Son,https://ak-d.tripcdn.com/images/0ww18120008yyuw0c814F.jpg,20.871914,105.50403,1445811
24751,2024-11-01 09:32:59.675546+00,Mai Châu,[],Mai Chau,https://ak-d.tripcdn.com/images/0ww3r12000ckiijeaB949.jpg,20.6598,105.09177,1445811
24752,2024-11-01 09:25:35.852438+00,Thanh Hóa,[],Thanh Hoa,https://ak-d.tripcdn.com/images/ww021e000001f1zpaBFEA.png,19.806692,105.78518,1594654
24753,2024-11-05 05:55:40.635893+00,Vườn quốc gia Cát Tiên,[],Cat Tien National Park,https://youimg1.tripcdn.com/target/0103o12000agse4tu95C3.jpg,11.431943,107.42773,
24755,2024-11-01 09:28:30.698774+00,Đồng bằng sông Cửu Long,[],Mekong Delta,https://ak-d.tripcdn.com/images/0102t120008x7php290D1.jpg,10.1844635,106.13725,
24756,2024-11-05 06:10:39.951347+00,Trà Vinh,"[""https://ak-d.tripcdn.com/images/0ww4m120008ynxkltB8AB_D_1180_558.jpg?proc=source%2ftrip""]",Tra Vinh Province,https://ak-d.tripcdn.com/images/0ww33120008y6mfgd369C_D_1180_558.jpg,9.812741,106.29929,
24757,2024-11-05 06:00:15.018195+00,Châu Đốc,"[""https://ak-d.tripcdn.com/images/0ww241200090ff8d1D070_D_1180_558.jpg?proc=source%2ftrip"",""https://ak-d.tripcdn.com/images/0ww5m12000cjgycvu036A_D_1180_558.jpg?proc=source%2ftrip""]",Chau Doc,https://ak-d.tripcdn.com/images/0ww0k12000cjgy0f7CB45.jpg,10.682081,105.0824,1445834
24758,2024-11-01 09:32:59.675546+00,Hà Tiên,"[""https://ak-d.tripcdn.com/images/0ww5q120009521qwoB07C_D_1180_558.jpg?proc=source%2ftrip""]",Ha Tien,https://ak-d.tripcdn.com/images/0ww43120009evdwv47659.jpg,10.383333,104.48333,1445816
24760,2024-11-05 06:01:00.612281+00,Tuyên Quang,[],Tuyen Quang,https://youimg1.tripcdn.com/target/0103o12000agse4tu95C3.jpg,21.776724,105.22802,1524609
24761,2024-11-01 09:28:07.227724+00,Đảo Côn Đảo,"[""https://ak-d.tripcdn.com/images/10010s000000im33w43DA_D_1180_558.jpg?proc=source%2ftrip"",""https://ak-d.tripcdn.com/images/0ww1j12000cv0ezjgF947_D_1180_558.jpg?proc=source%2ftrip""]",Con Dao Island,https://ak-d.tripcdn.com/images/0101512000et1t1kfED6E.jpg,8.696406,106.593765,3172
24763,2024-11-01 09:38:31.785686+00,Thành phố Mỹ Tho,"[""https://ak-d.tripcdn.com/images/1A0r12000000rozkq21FF_D_1180_558.jpg?proc=source%2ftrip""]",My Tho,https://ak-d.tripcdn.com/images/1A0r12000000rozkq21FF.jpg,10.35428,106.3668,1445826
24764,2024-11-01 09:28:07.227724+00,Tuy Hòa,[],Tuy Hoa,https://ak-d.tripcdn.com/images/0104r120008x0xs213B66.jpg,13.0822,109.3162,1445795
24767,2024-11-01 09:28:07.227724+00,Ninh Bình,"[""https://ak-d.tripcdn.com/images/0ww5r12000chm1z9lD1B4_D_1180_558.jpg?proc=source%2ftrip"",""https://ak-d.tripcdn.com/images/0ww2s12000ay33kjb4B2B_D_1180_558.jpg?proc=source%2ftrip""]",Ninh Binh,https://ak-d.tripcdn.com/images/0102g120009bxyniz62AD.jpg,20.250614,105.97446,1524646
24768,2024-11-01 09:28:07.227724+00,Thành phố Vinh,[],Vinh City,https://ak-d.tripcdn.com/images/0ww1b12000adz84qz7B1E.jpg,18.679585,105.681335,1445828
24771,2024-11-05 06:03:04.81499+00,Ninh Phước,"[""https://ak-d.tripcdn.com/images/1lo1212000fqss61xBCD0_D_1180_558.png?proc=source%2ftrip""]",Ninh Phuoc District,https://ak-d.tripcdn.com/images/1lo6412000fqss268DCFB_D_1180_558.png,11.485044,108.85515,1445819
24772,2024-11-01 09:28:07.227724+00,Vĩnh Long,[],Vinh Long,https://ak-d.tripcdn.com/images/0106s120008x7b0lcDC84.jpg,10.244844,105.95886,1524605
24779,2024-11-01 09:22:05.852616+00,Đảo Phú Quốc,"[""https://ak-d.tripcdn.com/images/100u0k000000cdhqu4C7A_D_1180_558.jpg?proc=source%2ftrip"",""https://ak-d.tripcdn.com/images/0105h120009ism2zvAFCB_D_1180_558.jpg?proc=source%2ftrip"",""https://ak-d.tripcdn.com/images/1lo1n12000cdv1q6g7370_D_1180_558.jpg?proc=source%2ftrip"",""https://ak-d.tripcdn.com/images/0106r120009lo3q6jBACF_D_1180_558.jpg?proc=source%2ftrip""]",Phu Quoc Island,https://ak-d.tripcdn.com/images/100e0l000000d0a2kDB24.jpg,10.216018,103.960396,1445816
24781,2024-11-01 09:28:30.698774+00,Thành phố Đông Hà,"[""https://ak-d.tripcdn.com/images/0ww0m12000cuupglm07AD_D_1180_558.jpg?proc=source%2ftrip""]",Dong Ha,https://ak-d.tripcdn.com/images/0ww3312000cuupbl3810C.jpg,16.808893,107.08938,
24782,2024-11-01 09:38:22.518516+00,Thành phố Kon Tum,"[""https://ak-d.tripcdn.com/images/0ww2b12000cqkp5q86E63_D_1180_558.jpg?proc=source%2ftrip"",""https://ak-d.tripcdn.com/images/0ww2c120008zhmane57BD_D_1180_558.jpg?proc=source%2ftrip""]",Kon Tum,https://ak-d.tripcdn.com/images/0ww2h12000acati7e1ACF.jpg,14.34974,108.00046,1524627
24783,2024-11-01 09:38:27.008316+00,Quảng Ngãi,[],Quang Ngai,https://ak-d.tripcdn.com/images/ww031e000001fjnah2F2A.jpg,15.12382,108.8117,1524620
121389,2024-11-05 06:00:33.219717+00,Phú Vang,"[""https://ak-d.tripcdn.com/images/ww0l1e000001eulkrEE44_D_1180_558.png?proc=source%2ftrip"",""https://ak-d.tripcdn.com/images/0ww1w12000cv3lk4rB609_D_1180_558.jpg?proc=source%2ftrip""]",Phu Vang District,https://ak-d.tripcdn.com/images/ww0e1e000001ex6k86D62.png,16.491213,107.73994,3170
121517,2024-11-01 09:38:31.785686+00,Phan Rang - Tháp Chàm,"[""https://ak-d.tripcdn.com/images/0ww0g12000crfrl8839E9_D_1180_558.jpg?proc=source%2ftrip""]",Phan Rang-Thap Cham,https://ak-d.tripcdn.com/images/0ww1h12000crd2cco201B.jpg,11.582568,108.9912,1445819
121523,2024-11-02 17:20:24.828946+00,Phú Lộc,"[""https://ak-d.tripcdn.com/images/0ww5o12000ckhkhvo7AE4_D_1180_558.jpg?proc=source%2ftrip"",""https://ak-d.tripcdn.com/images/100h1f000001grvpf6B86_D_1180_558.jpg?proc=source%2ftrip"",""https://ak-d.tripcdn.com/images/100j0z000000ni8zf2FC2_D_1180_558.jpg?proc=source%2ftrip"",""https://ak-d.tripcdn.com/images/0ww4412000cn3w5rgD343_D_1180_558.jpg?proc=source%2ftrip""]",Phu Loc,https://ak-d.tripcdn.com/images/100h1f000001grvpf6B86_D_1180_558.jpg,16.272543,107.939476,3170
121753,2024-11-01 09:30:30.027296+00,thành phố Bảo Lộc,[],Bao Loc,https://ak-d.tripcdn.com/images/ww0k1e000001f1p9pA912.png,11.53033,107.7779,3173
122050,2024-11-01 09:35:51.579071+00,Hải Dương,[],Hai Duong,https://ak-d.tripcdn.com/images/0ww5k12000c5eb3tk659A.jpg,20.937342,106.31455,1524637
123140,2024-11-01 09:25:35.852438+00,Thị xã Thuận An,[],Thuan An,https://ak-d.tripcdn.com/images/0ww7012000chz82veECEA.jpg,10.930209,106.71167,1445815
123295,2024-11-01 09:30:30.027296+00,Điện Bàn,"[""https://ak-d.tripcdn.com/images/0ww1x120008zdbkg7D29E_D_1180_558.jpg?proc=source%2ftrip"",""https://ak-d.tripcdn.com/images/0ww6g120008ypni3kA789_D_1180_558.jpg?proc=source%2ftrip"",""https://ak-d.tripcdn.com/images/ww0d1e000001f3nr2B3D5_D_1180_558.jpg?proc=source%2ftrip""]",Dien Ban,https://ak-d.tripcdn.com/images/0ww44120008zdbex6A7A0.jpg,15.891564,108.24779,3171
136267,2024-11-01 09:25:35.852438+00,Tuần Châu,"[""https://ak-d.tripcdn.com/images/fd/tg/g3/M07/60/2A/CggYGVZv57iAcEL5ADZoga-AS7I330_D_1180_558.jpg?proc=source%2ftrip"",""https://ak-d.tripcdn.com/images/0ww5s12000ac39rbhD8B7_D_1180_558.jpg?proc=source%2ftrip"",""https://ak-d.tripcdn.com/images/100o10000000oplvi0A37_D_1180_558.jpg?proc=source%2ftrip"",""https://ak-d.tripcdn.com/images/0ww6k12000cncgptk11A6_D_1180_558.jpg?proc=source%2ftrip""]",Tuan Chau,https://ak-d.tripcdn.com/images/100t10000000oqs1y607C.jpg,20.925467,106.97718,1524623
1444333,2024-11-01 09:32:59.675546+00,Tây Ninh,"[""https://ak-d.tripcdn.com/images/0ww6712000ay3jlwpDD1C_D_1180_558.jpg?proc=source%2ftrip"",""https://ak-d.tripcdn.com/images/0104q120008xafo2e4A1B_D_1180_558.jpg?proc=source%2ftrip""]",Tay Ninh,https://ak-d.tripcdn.com/images/0104q120008xafo2e4A1B.jpg,11.367541,106.11928,1524613
1445658,2024-11-01 09:28:07.227724+00,Lào Cai,"[""https://ak-d.tripcdn.com/images/0100t120008xfafnq6CDB_D_1180_558.jpg?proc=source%2ftrip"",""https://ak-d.tripcdn.com/images/0102o120008ie2os9BD6D_D_1180_558.jpg?proc=source%2ftrip"",""https://ak-d.tripcdn.com/images/0ww6w12000cnns6rz761A_D_1180_558.jpg?proc=source%2ftrip"",""https://ak-d.tripcdn.com/images/0ww5112000cv3ft2a1821_D_1180_558.jpg?proc=source%2ftrip""]",Lao Cai Province,https://ak-d.tripcdn.com/images/0105m120009istd10DF1B.jpg,22.338087,104.148705,
1445794,2024-11-05 06:13:45.191576+00,Điện Biên,"[""https://ak-d.tripcdn.com/images/0ww2v12000cnvrk63A378_D_1180_558.jpg?proc=source%2ftrip""]",Dien Bien Province,https://ak-d.tripcdn.com/images/10091f000001gsp5h0C76_D_1180_558.jpg,21.804232,103.10765,
1445795,2024-11-01 09:38:27.008316+00,Phú Yên,"[""https://ak-d.tripcdn.com/images/ww0q1e000001evte39C9B_D_1180_558.png?proc=source%2ftrip"",""https://ak-d.tripcdn.com/images/0ww1v12000crdoj5iBBF7_D_1180_558.jpg?proc=source%2ftrip"",""https://ak-d.tripcdn.com/images/0ww1z12000cq3ztiy5635_D_1180_558.jpg?proc=source%2ftrip""]",Phu Yen Province,https://ak-d.tripcdn.com/images/0ww4j12000cjgyr9472F3.jpg,13.088186,109.09287,
1445804,2024-11-05 06:10:19.89027+00,Quảng Trị,"[""https://ak-d.tripcdn.com/images/0ww2g12000cv0ahni4B95_D_1180_558.jpg?proc=source%2ftrip"",""https://ak-d.tripcdn.com/images/ww0h1e000001ex6763D7A_D_1180_558.png?proc=source%2ftrip""]",Quang Tri Province,https://ak-d.tripcdn.com/images/0ww6g12000cv0a486857F_D_1180_558.jpg,16.794348,106.96341,
1445808,2024-11-01 09:38:27.008316+00,Quảng Bình,"[""https://ak-d.tripcdn.com/images/0ww2i12000cnbvhunC006_D_1180_558.jpg?proc=source%2ftrip"",""https://ak-d.tripcdn.com/images/0ww5t12000cva6uiaFF04_D_1180_558.jpg?proc=source%2ftrip"",""https://ak-d.tripcdn.com/images/0ww3t12000cnuss43C54E_D_1180_558.jpg?proc=source%2ftrip"",""https://ak-d.tripcdn.com/images/0101o120008iip3216542_D_1180_558.jpg?proc=source%2ftrip""]",Quang Binh Province,https://ak-d.tripcdn.com/images/100t1f000001gq9s9C6A6.jpg,17.610271,106.34875,
1445810,2024-11-02 17:20:15.036828+00,Hà Tĩnh,[],Ha Tinh Province,https://ak-d.tripcdn.com/images/0ww2b12000cn4gfen5ADA_D_1180_558.jpg,18.294378,105.67452,
1445811,2024-11-01 09:38:27.008316+00,Hòa Bình,[],Hoa Binh Province,https://ak-d.tripcdn.com/images/0ww5j12000d4rph6bC5E4.jpg,20.686127,105.31312,
1445815,2024-11-01 09:30:30.027296+00,Bình Dương,"[""https://ak-d.tripcdn.com/images/100v0z000000nwln800B1_D_1180_558.jpg?proc=source%2ftrip"",""https://ak-d.tripcdn.com/images/ww0g1e000001ez5akE33A_D_1180_558.png?proc=source%2ftrip"",""https://ak-d.tripcdn.com/images/ww0n1e000001exib309FB_D_1180_558.png?proc=source%2ftrip""]",Binh Duong Province,https://ak-d.tripcdn.com/images/100u0y000000lzuvjA097.jpg,11.325402,106.47702,
1445816,2024-11-01 09:32:59.675546+00,Kiên Giang,"[""https://ak-d.tripcdn.com/images/100u0k000000cdhqu4C7A_D_1180_558.jpg?proc=source%2ftrip"",""https://ak-d.tripcdn.com/images/0105h120009ism2zvAFCB_D_1180_558.jpg?proc=source%2ftrip"",""https://ak-d.tripcdn.com/images/1lo1n12000cdv1q6g7370_D_1180_558.jpg?proc=source%2ftrip"",""https://ak-d.tripcdn.com/images/0106r120009lo3q6jBACF_D_1180_558.jpg?proc=source%2ftrip""]",Kien Giang Province,https://ak-d.tripcdn.com/images/01066120009lnpyie49F5.png,9.824959,105.12589,
1445817,2024-11-05 06:09:37.928827+00,Long An,[],Long An Province,https://ak-d.tripcdn.com/images/0ww0u12000dea8wg76E25_D_1180_558.jpg,10.695572,106.24312,
1445818,2024-11-05 06:03:57.613682+00,Nam Định,[],Nam Dinh Province,https://ak-d.tripcdn.com/images/0ww5n12000a9sk4ye0B4F_D_1180_558.jpg,20.27918,106.20515,
1445819,2024-11-02 17:18:07.036798+00,Ninh Thuận,"[""https://ak-d.tripcdn.com/images/100v0k000000cq0327F83_D_1180_558.jpg?proc=source%2ftrip""]",Ninh Thuan Province,https://ak-d.tripcdn.com/images/100v0k000000cq0327F83_D_1180_558.jpg,11.673877,108.86296,
1445820,2024-11-01 09:30:30.027296+00,Bình Định,"[""https://ak-d.tripcdn.com/images/0ww6112000ckr4mzs6352_D_1180_558.jpg?proc=source%2ftrip"",""https://ak-d.tripcdn.com/images/0ww2r120009589rtkE15A_D_1180_558.jpg?proc=source%2ftrip"",""https://ak-d.tripcdn.com/images/0ww4s12000cqc20l8A33A_D_1180_558.jpg?proc=source%2ftrip"",""https://ak-d.tripcdn.com/images/ww041e000001esz8d753D_D_1180_558.png?proc=source%2ftrip""]",Binh Dinh Province,https://ak-d.tripcdn.com/images/0ww0s1200090o23kn77DC.jpg,14.1665325,108.90268,
1445821,2024-11-02 17:17:34.666346+00,Lạng Sơn,"[""https://ak-d.tripcdn.com/images/0ww5f12000b8t6d9k4F24_D_1180_558.jpg?proc=source%2ftrip""]",Lang Son Province,https://ak-d.tripcdn.com/images/0106v120008x7xe957572_D_1180_558.jpg,21.85637,106.62913,
1445826,2024-11-02 17:22:34.201168+00,Tiền Giang,"[""https://ak-d.tripcdn.com/images/1A0r12000000rozkq21FF_D_1180_558.jpg?proc=source%2ftrip"",""https://ak-d.tripcdn.com/images/0ww4p12000cpxlwi68849_D_1180_558.jpg?proc=source%2ftrip""]",Tien Giang Province,https://ak-d.tripcdn.com/images/1A0r12000000rozkq21FF_D_1180_558.jpg,10.449332,106.34205,
1445827,2024-11-02 17:17:36.381842+00,Thái Bình,"[""https://ak-d.tripcdn.com/images/0ww4x12000c7rj67vBEF7_D_1180_558.jpg?proc=source%2ftrip""]",Thai Binh Province,https://ak-d.tripcdn.com/images/ww0s1f000001guqwgBDE2_D_1180_558.png,20.538694,106.39348,
1445828,2024-11-02 17:16:30.387013+00,Nghệ An,"[""https://ak-d.tripcdn.com/images/ww0m1e000001f81n3B6D1_D_1180_558.png?proc=source%2ftrip""]",Nghe An Province,https://ak-d.tripcdn.com/images/0ww0a12000cd506f57990_D_1180_558.jpg,19.23425,104.92004,
1445831,2024-11-01 09:38:27.008316+00,Thái Nguyên,"[""https://ak-d.tripcdn.com/images/0ww6f1200090fx47s0C19_D_1180_558.jpg?proc=source%2ftrip"",""https://ak-d.tripcdn.com/images/0ww3612000ct5g8d49D26_D_1180_558.jpg?proc=source%2ftrip""]",Thai Nguyen Province,https://ak-d.tripcdn.com/images/0ww5l12000ct5fsu3AA6A.jpg,21.561377,105.87601,
1445832,2024-11-01 09:38:27.008316+00,Đồng Nai,"[""https://ak-d.tripcdn.com/images/0ww3t12000cuwjoa89C3F_D_1180_558.jpg?proc=source%2ftrip"",""https://ak-d.tripcdn.com/images/0ww6u12000cuwnuc7BAC9_D_1180_558.jpg?proc=source%2ftrip"",""https://ak-d.tripcdn.com/images/1lo4r12000fqnuv0pD3BE_D_1180_558.png?proc=source%2ftrip""]",Dong Nai Province,https://ak-d.tripcdn.com/images/0100k120008x7xkef69CB.jpg,11.06863,107.167595,
1445833,2024-11-01 09:35:51.579071+00,Vĩnh Phúc,"[""https://ak-d.tripcdn.com/images/0ww2q12000ekq5cxqA215_D_1180_558.jpg?proc=source%2ftrip""]",Vinh Phuc Province,https://ak-d.tripcdn.com/images/0ww1112000ekq52hv66DC.jpg,21.36088,105.54744,
1445834,2024-11-02 17:21:53.080326+00,An Giang,"[""https://ak-d.tripcdn.com/images/0ww241200090ff8d1D070_D_1180_558.jpg?proc=source%2ftrip"",""https://ak-d.tripcdn.com/images/0ww5m12000cjgycvu036A_D_1180_558.jpg?proc=source%2ftrip""]",An Giang Province,https://ak-d.tripcdn.com/images/0ww6p1200090ff7mvC1C0_D_1180_558.jpg,10.521584,105.12589,
1445852,2024-11-01 09:32:59.675546+00,Bắc Ninh,"[""https://ak-d.tripcdn.com/images/0ww4o12000b9mijko6305_D_1180_558.jpg?proc=source%2ftrip"",""https://ak-d.tripcdn.com/images/ww011e000001fj5t5A5BD_D_1180_558.jpg?proc=source%2ftrip""]",Bac Ninh Province,https://ak-d.tripcdn.com/images/0ww5f120009548qnd2BA0.jpg,21.121445,106.11105,
1445856,2024-11-02 17:19:57.931755+00,Phú Thọ,"[""https://ak-d.tripcdn.com/images/0ww1i12000colvjtdE713_D_1180_558.jpg?proc=source%2ftrip""]",Phu Tho Province,https://ak-d.tripcdn.com/images/01074120008x7p17v8EF5_D_1180_558.jpg,21.268442,105.20456,
1446596,2024-11-01 09:32:59.675546+00,Tân Thành,[],Phu My,https://ak-d.tripcdn.com/images/0ww3x1200090hpzkbDDE3.jpg,10.583324,107.07227,3172
1446811,2024-11-01 09:25:35.852438+00,Móng Cái,"[""https://ak-d.tripcdn.com/images/100r0z000000ndhks6801_D_1180_558.jpg?proc=source%2ftrip""]",Mong Cai,https://ak-d.tripcdn.com/images/100r0z000000ndhks6801.jpg,21.541946,107.87949,3169
1447047,2024-11-01 09:30:30.027296+00,Bắc Giang,"[""https://ak-d.tripcdn.com/images/0ww4o12000b9mijko6305_D_1180_558.jpg?proc=source%2ftrip""]",Bac Giang Province,https://ak-d.tripcdn.com/images/0ww5m12000cpz8xl15DBC.jpg,21.301495,106.62913,
1447051,2024-11-01 09:38:31.785686+00,Bạc Liêu,"[""https://ak-d.tripcdn.com/images/0ww6n120008ys7vev1CF0_D_1180_558.jpg?proc=source%2ftrip"",""https://ak-d.tripcdn.com/images/0ww48120008zbvjcsA943_D_1180_558.jpg?proc=source%2ftrip""]",Bac Lieu Province,https://ak-d.tripcdn.com/images/0ww4d120008zbrkom367B.jpg,9.251555,105.51365,
1447633,2024-11-01 09:28:30.698774+00,Thái Bình,[],Thai Binh,https://ak-d.tripcdn.com/images/0ww1r120008yx9wonB8E8.jpg,20.446346,106.336586,1445827
1447642,2024-11-01 09:38:31.785686+00,Tamky,"[""https://ak-d.tripcdn.com/images/0ww0m120008ypmtuu5915_D_1180_558.jpg?proc=source%2ftrip""]",Tam Ky,https://ak-d.tripcdn.com/images/0ww3x120008zf2r24411B.jpg,15.56476,108.495,3171
1447643,2024-11-05 05:58:58.209204+00,Cái Bè,"[""https://ak-d.tripcdn.com/images/0ww4p12000cpxlwi68849_D_1180_558.jpg?proc=source%2ftrip""]",Cai Be,https://ak-d.tripcdn.com/images/0ww5i12000956dbdz2115.jpg,10.371887,105.94649,1445826
1447657,2024-11-01 09:32:59.675546+00,Thái Nguyên,"[""https://ak-d.tripcdn.com/images/0ww6f1200090fx47s0C19_D_1180_558.jpg?proc=source%2ftrip"",""https://ak-d.tripcdn.com/images/0ww3612000ct5g8d49D26_D_1180_558.jpg?proc=source%2ftrip"",""https://ak-d.tripcdn.com/images/ww091e000001eyvjv0399_D_1180_558.png?proc=source%2ftrip""]",Thai Nguyen,https://ak-d.tripcdn.com/images/0ww5l12000ct5fsu3AA6A.jpg,21.567156,105.8252,1445831
1447661,2024-11-01 09:25:35.852438+00,Bắc Ninh,"[""https://ak-d.tripcdn.com/images/0ww4o12000b9mijko6305_D_1180_558.jpg?proc=source%2ftrip"",""https://ak-d.tripcdn.com/images/ww011e000001fj5t5A5BD_D_1180_558.jpg?proc=source%2ftrip""]",Bac Ninh,https://ak-d.tripcdn.com/images/0ww1v12000chypb0w6C3C.jpg,21.1839,106.056,1445852
1447662,2024-11-01 09:28:07.227724+00,Tam Đảo,[],Tam Dao,https://ak-d.tripcdn.com/images/0ww6h12000cumpzswE047.jpg,21.474707,105.570885,1445833
1447667,2024-11-01 09:35:51.579071+00,Hà Tĩnh,[],Ha Tinh,https://ak-d.tripcdn.com/images/0ww2b12000cn4gfen5ADA.jpg,18.355953,105.88775,1445810
1447671,2024-11-01 09:28:30.698774+00,Lạng Sơn,"[""https://ak-d.tripcdn.com/images/0ww5f12000b8t6d9k4F24_D_1180_558.jpg?proc=source%2ftrip""]",Lang Son,https://ak-d.tripcdn.com/images/0ww5f12000b8t6d9k4F24.jpg,21.853708,106.76152,1445821
1447676,2024-11-05 05:55:50.799025+00,TP. Nam Định,[],Nam Dinh,https://youimg1.tripcdn.com/target/0103o12000agse4tu95C3.jpg,20.459585,106.21616,1445818
1447682,2024-11-01 09:38:31.785686+00,Long Thành,"[""https://ak-d.tripcdn.com/images/1lo4r12000fqnuv0pD3BE_D_1180_558.png?proc=source%2ftrip"",""https://ak-d.tripcdn.com/images/0ww5e12000cokpjt6B120_D_1180_558.jpg?proc=source%2ftrip""]",Long Thanh,https://ak-d.tripcdn.com/images/1lo5c12000fqnya3582FB.png,10.793295,107.01353,1445832
1524574,2024-11-05 06:03:03.06914+00,Yên Bái,[],Yen Bai Province,https://youimg1.tripcdn.com/target/0103o12000agse4tu95C3_D_1180_558.jpg,21.683792,104.45514,
1524575,2024-11-02 17:20:21.293708+00,Bắc Kạn,"[""https://ak-d.tripcdn.com/images/0ww1712000cn6c7lkC639_D_1180_558.jpg?proc=source%2ftrip""]",Bac Kan Province,https://ak-d.tripcdn.com/images/0ww2g12000cn6bpqv1342_D_1180_558.jpg,22.303293,105.87601,
1524594,2024-11-05 06:02:57.349859+00,Đồng Tháp,"[""https://ak-d.tripcdn.com/images/0ww3b12000ckj91e624EE_D_1180_558.jpg?proc=source%2ftrip"",""https://ak-d.tripcdn.com/images/0ww4s12000cuwzrf135BB_D_1180_558.jpg?proc=source%2ftrip"",""https://ak-d.tripcdn.com/images/0ww50120008ze5xkjE831_D_1180_558.jpg?proc=source%2ftrip""]",Dong Thap Province,https://ak-d.tripcdn.com/images/0ww5312000ckj91eb4140_D_1180_558.jpg,10.493799,105.68818,
1524599,2024-11-02 17:20:13.634113+00,Đắk Nông,"[""https://ak-d.tripcdn.com/images/0ww6v12000adz7wu24A09_D_1180_558.jpg?proc=source%2ftrip""]",Dak Nong Province,https://ak-d.tripcdn.com/images/0ww6t120008yxptn180C0_D_1180_558.jpg,12.2646475,107.6098,
1524605,2024-11-02 17:16:26.236294+00,Vĩnh Long,[],Vinh Long Province,https://ak-d.tripcdn.com/images/0ww3w120008yn03ez7057_D_1180_558.jpg,10.086128,106.017,
1524609,2024-11-02 17:16:32.418693+00,Tuyên Quang,[],Tuyen Quang Province,https://ak-d.tripcdn.com/images/0ww2d12000ckt13iw1DB3_D_1180_558.jpg,22.17267,105.31312,
1524610,2024-11-01 09:25:35.852438+00,Hà Nam,[],Ha Nam Province,https://ak-d.tripcdn.com/images/0ww0u12000aummfscE69F.jpg,20.583519,105.92299,
1524613,2024-11-02 17:20:08.924679+00,Tây Ninh,"[""https://ak-d.tripcdn.com/images/0ww6712000ay3jlwpDD1C_D_1180_558.jpg?proc=source%2ftrip"",""https://ak-d.tripcdn.com/images/0104q120008xafo2e4A1B_D_1180_558.jpg?proc=source%2ftrip""]",Tay Ninh Province,https://ak-d.tripcdn.com/images/0104q120008xafo2e4A1B_D_1180_558.jpg,11.349477,106.06402,
1524614,2024-11-02 17:20:19.382642+00,Bến Tre,[],Ben Tre Province,https://ak-d.tripcdn.com/images/0ww4h12000954ztya7822_D_1180_558.jpg,10.108155,106.44059,
1524615,2024-11-01 09:38:22.518516+00,Hưng Yên,"[""https://ak-d.tripcdn.com/images/1lo0q12000egpnd8i7853_D_1180_558.jpg?proc=source%2ftrip""]",Hung Yen Province,https://ak-d.tripcdn.com/images/1lo3d12000egpncgmC472.jpg,20.852571,106.017,
1524620,2024-11-02 17:21:55.588831+00,Quảng Ngãi,[],Quang Ngai Province,https://ak-d.tripcdn.com/images/ww031e000001fjnah2F2A_D_1180_558.jpg,15.075984,108.71258,
1524623,2024-11-01 09:22:05.852616+00,Hạ Long,"[""https://ak-d.tripcdn.com/images/fd/tg/g3/M07/60/2A/CggYGVZv57iAcEL5ADZoga-AS7I330_D_1180_558.jpg?proc=source%2ftrip"",""https://ak-d.tripcdn.com/images/0105k120009it0ak83646_D_1180_558.jpg?proc=source%2ftrip"",""https://ak-d.tripcdn.com/images/0ww5s12000ac39rbhD8B7_D_1180_558.jpg?proc=source%2ftrip"",""https://ak-d.tripcdn.com/images/100o10000000oplvi0A37_D_1180_558.jpg?proc=source%2ftrip""]",Ha Long,https://ak-d.tripcdn.com/images/100t10000000oqs1y607C.jpg,20.971197,107.04481,3169
1524627,2024-11-02 17:21:43.897953+00,Kon Tum,"[""https://ak-d.tripcdn.com/images/0ww2b12000cqkp5q86E63_D_1180_558.jpg?proc=source%2ftrip""]",Kon Tum Province,https://ak-d.tripcdn.com/images/ww041e000001ewzez9352_D_1180_558.png,14.661167,107.83885,
1524634,2024-11-01 09:38:27.008316+00,Hà Giang,"[""https://ak-d.tripcdn.com/images/0ww6d12000cd0cgptB134_D_1180_558.jpg?proc=source%2ftrip"",""https://ak-d.tripcdn.com/images/0ww4z12000crduk0cA43E_D_1180_558.jpg?proc=source%2ftrip""]",Ha Giang Province,https://ak-d.tripcdn.com/images/0ww5812000cremndk173D.jpg,22.766205,104.93889,
1524635,2024-11-02 17:18:02.926173+00,Sơn La,"[""https://ak-d.tripcdn.com/images/0ww0y12000cnuiv3wFE0F_D_1180_558.jpg?proc=source%2ftrip""]",Son La Province,https://ak-d.tripcdn.com/images/0ww2h120009ewz4ekC997_D_1180_558.jpg,21.102228,103.72892,
1524637,2024-11-02 17:20:17.904096+00,Hải Dương,[],Hai Duong Province,https://ak-d.tripcdn.com/images/0ww5k12000c5eb3tk659A_D_1180_558.jpg,20.938597,106.32069,
1524646,2024-11-01 09:38:22.518516+00,Tỉnh Ninh Bình,"[""https://ak-d.tripcdn.com/images/0103812000g25p1tn7EA0_D_1180_558.jpg?proc=source%2ftrip"",""https://ak-d.tripcdn.com/images/0ww5312000a9tekma4DDC_D_1180_558.jpg?proc=source%2ftrip"",""https://ak-d.tripcdn.com/images/ww0g1e000001f8mgs86F0_D_1180_558.jpg?proc=source%2ftrip"",""https://ak-d.tripcdn.com/images/0ww1y12000aro658b31C1_D_1180_558.jpg?proc=source%2ftrip""]",Ninh Binh Province,https://ak-d.tripcdn.com/images/ww0g1e000001f8mgs86F0.jpg,20.212997,105.92299,
1524647,2024-11-01 09:30:30.027296+00,Cà Mau,[],Ca Mau Province,https://ak-d.tripcdn.com/images/0ww0w12000953fnff7E80.jpg,8.96241,105.12589,
1524648,2024-11-02 17:20:01.230313+00,Sóc Trăng,"[""https://ak-d.tripcdn.com/images/0ww4812000aqsffo1D783_D_1180_558.jpg?proc=source%2ftrip""]",Soc Trang Province,https://ak-d.tripcdn.com/images/0ww6812000a52bvgbDCF5_D_1180_558.jpg,9.6003685,105.95995,
1524651,2024-11-05 06:10:53.244687+00,Bình Phước,[],Binh Phuoc Province,https://youimg1.tripcdn.com/target/0103o12000agse4tu95C3_D_1180_558.jpg,11.751189,106.723465,
1524988,2024-11-05 06:00:36.663312+00,Nho Quan,"[""https://ak-d.tripcdn.com/images/0ww6612000adz7xny4E07_D_1180_558.jpg?proc=source%2ftrip""]",Nho Quan,https://ak-d.tripcdn.com/images/0ww6312000adz8dae69BC.jpg,20.319248,105.74392,1524646
1525002,2024-11-05 05:59:28.143109+00,Thị xã Hương Trà,"[""https://ak-d.tripcdn.com/images/0ww3v120008yw7dzo478F_D_1180_558.jpg?proc=source%2ftrip"",""https://ak-d.tripcdn.com/images/0ww0112000colkpygF25A_D_1180_558.jpg?proc=source%2ftrip""]",Huong Tra,https://ak-d.tripcdn.com/images/0ww0112000colkpygF25A.jpg,16.420795,107.50318,3170
1525695,2024-11-01 09:38:27.008316+00,Đức Phổ,[],Duc Pho,https://ak-d.tripcdn.com/images/0ww3r12000credkkq2DAC.jpg,14.762796,108.974,1524620
1525754,2024-11-01 09:28:30.698774+00,Sầm Sơn,"[""https://ak-d.tripcdn.com/images/0ww2c12000c7pj8n232D1_D_1180_558.jpg?proc=source%2ftrip""]",Sam Son,https://ak-d.tripcdn.com/images/0ww0712000acfpwp9DBE0.jpg,19.757526,105.90537,1594654
1525755,2024-11-05 06:00:39.814099+00,Thị xã Quảng Trị,"[""https://ak-d.tripcdn.com/images/0ww2g12000cv0ahni4B95_D_1180_558.jpg?proc=source%2ftrip""]",Quang Tri,https://ak-d.tripcdn.com/images/0ww6g12000cv0a486857F.jpg,16.750563,107.18571,1445804
1525764,2024-11-01 09:38:27.008316+00,Thành phố Bà Rịa,[],Ba Ria,https://ak-d.tripcdn.com/images/0ww4w12000cq6zik24367.jpg,10.508928,107.181625,3172
1525765,2024-11-01 09:30:30.027296+00,Thị xã Phúc Yên,"[""https://ak-d.tripcdn.com/images/0ww2q12000ekq5cxqA215_D_1180_558.jpg?proc=source%2ftrip""]",Phuc Yen,https://ak-d.tripcdn.com/images/0ww1112000ekq52hv66DC.jpg,21.332584,105.72338,1445833
1525777,2024-11-01 09:28:30.698774+00,Thủ Dầu Một,"[""https://ak-d.tripcdn.com/images/ww0n1e000001exib309FB_D_1180_558.png?proc=source%2ftrip""]",Thu Dau Mot,https://ak-d.tripcdn.com/images/ww061e000001ez2i22BC3.png,10.992984,106.65571,1445815
1525788,2024-11-03 06:52:54.585817+00,Cửa Lò,[],Cua Lo,https://youimg1.tripcdn.com/target/0103o12000agse4tu95C3_D_1180_558.jpg,18.791613,105.717514,1445828
1525805,2024-11-02 17:21:47.970668+00,Đất Đỏ,[],Dat Do,https://ak-d.tripcdn.com/images/0ww4r12000adz7vr6C637_D_1180_558.jpg,10.472803,107.31393,3172
1525806,2024-11-01 09:32:59.675546+00,Ninh Hải,"[""https://ak-d.tripcdn.com/images/100v0k000000cq0327F83_D_1180_558.jpg?proc=source%2ftrip""]",Ninh Hai,https://ak-d.tripcdn.com/images/100v0k000000cq0327F83.jpg,11.703248,109.16422,1445819
1525811,2024-11-01 09:38:27.008316+00,Diên Khánh,"[""https://ak-d.tripcdn.com/images/0ww2o12000951byz3B33B_D_1180_558.jpg?proc=source%2ftrip""]",Dien Khanh,https://ak-d.tripcdn.com/images/0ww1812000cl1vp4r3BA8.jpg,12.257042,109.04532,24723
1526263,2024-11-05 05:57:18.397255+00,Phú Vĩnh,[],Phuvinh,https://youimg1.tripcdn.com/target/0103o12000agse4tu95C3.jpg,10.753667,105.19023,2134050
1526267,2024-11-05 05:55:49.990791+00,Phước Long,[],Phuoc Long,https://youimg1.tripcdn.com/target/0103o12000agse4tu95C3.jpg,9.400672,105.43024,1447051
1526308,2024-11-05 06:00:43.88026+00,Bình Châu,"[""https://ak-d.tripcdn.com/images/0101j120009kob5zi5897_D_1180_558.jpg?proc=source%2ftrip"",""https://ak-d.tripcdn.com/images/0103p120009oedtir8FF4_D_1180_558.jpg?proc=source%2ftrip""]",Binh Chau,https://ak-d.tripcdn.com/images/01065120009kob6stC626.jpg,10.57921,107.53868,2134095
1526314,2024-11-05 05:59:30.261356+00,Thành phố Trà Vinh,"[""https://ak-d.tripcdn.com/images/0ww4m120008ynxkltB8AB_D_1180_558.jpg?proc=source%2ftrip""]",Tra Vinh,https://ak-d.tripcdn.com/images/0ww33120008y6mfgd369C.jpg,9.951332,106.3346,24756
1526324,2024-11-05 06:00:25.183045+00,Thành phố Sa Đéc,"[""https://ak-d.tripcdn.com/images/0ww50120008ze5xkjE831_D_1180_558.jpg?proc=source%2ftrip"",""https://ak-d.tripcdn.com/images/0ww2812000cokq9oq0714_D_1180_558.jpg?proc=source%2ftrip""]",Sa dec,https://ak-d.tripcdn.com/images/0ww0t12000a9sz2fw3B81.jpg,10.305768,105.74686,1524594
1526325,2024-11-05 05:58:36.987785+00,Thới Bình,[],Thoi Binh District,https://youimg1.tripcdn.com/target/0103o12000agse4tu95C3.jpg,9.3473625,105.17268,1524647
1526334,2024-11-05 05:58:48.845909+00,Bắc Giang,[],Bac Giang,https://youimg1.tripcdn.com/target/0103o12000agse4tu95C3.jpg,21.281992,106.19748,1447047
1526570,2024-11-01 09:35:51.579071+00,Gia Nghĩa,[],Gia Nghia,https://ak-d.tripcdn.com/images/0ww6412000b77ae6l854B.jpg,12.003646,107.687645,1524599
1526593,2024-11-03 05:42:42.25006+00,Thành phố Cao Bằng,[],Cao Bang,https://ak-d.tripcdn.com/images/ww0t1e000001eys5u5DB5_D_1180_558.png,22.635689,106.25221,24741
1526611,2024-11-01 09:38:22.518516+00,Đông Giang,"[""https://ak-d.tripcdn.com/images/1lo0r12000coguk6c9F03_D_1180_558.jpg?proc=source%2ftrip""]",Dong Giang,https://ak-d.tripcdn.com/images/1lo1g12000coguogo9586.jpg,15.966025,107.783165,3171
1526918,2024-11-01 09:35:51.579071+00,Hoằng Hoá,"[""https://ak-d.tripcdn.com/images/0ww5a120008yz9beg4431_D_1180_558.jpg?proc=source%2ftrip""]",Hoang Hoa District,https://ak-d.tripcdn.com/images/0ww6y120008z1s27nCC42.jpg,19.821686,105.8995,1594654
1526923,2024-11-01 09:38:22.518516+00,Thị xã Bến Cát,"[""https://ak-d.tripcdn.com/images/ww0g1e000001ez5akE33A_D_1180_558.png?proc=source%2ftrip""]",Thi xa Ben Cat,https://ak-d.tripcdn.com/images/ww071e000001ff4yuBC62.png,11.101302,106.58198,1445815
1526927,2024-11-05 06:00:21.387548+00,Thành phố Tân An,[],Tan An,https://ak-d.tripcdn.com/images/0ww0u12000dea8wg76E25.jpg,10.53301,106.40525,1445817
1526928,2024-11-05 05:55:51.558924+00,Vĩnh Yên,[],Thanh pho Vinh Yen,https://youimg1.tripcdn.com/target/0103o12000agse4tu95C3.jpg,21.297327,105.606064,1445833
1526934,2024-11-05 05:58:57.601073+00,Thị xã Dĩ An,[],Thi xa Di An,https://youimg1.tripcdn.com/target/0103o12000agse4tu95C3.jpg,10.915597,106.7692,1445815
1526936,2024-11-05 05:57:12.07428+00,Lý Sơn,[],Ly Son,https://youimg1.tripcdn.com/target/0103o12000agse4tu95C3.jpg,15.383361,109.11071,1524620
1526946,2024-11-01 09:35:51.579071+00,Đồng Văn,[],Dong Van,https://ak-d.tripcdn.com/images/100p1f000001gpepdE1C0.jpg,23.293125,105.371666,2134202
1540035,2024-11-05 06:00:23.992318+00,Quy Mỹ,[],Quy My,https://youimg1.tripcdn.com/target/0103o12000agse4tu95C3.jpg,20.583742,105.225334,2134104
1540050,2024-11-05 05:58:43.09227+00,Bình Giang,[],Binh Giang District,https://youimg1.tripcdn.com/target/0103o12000agse4tu95C3.jpg,20.870356,106.19338,1524637
1540059,2024-11-01 09:38:31.785686+00,Bố Trạch,"[""https://ak-d.tripcdn.com/images/0ww2i12000cnbvhunC006_D_1180_558.jpg?proc=source%2ftrip"",""https://ak-d.tripcdn.com/images/0ww5t12000cva6uiaFF04_D_1180_558.jpg?proc=source%2ftrip"",""https://ak-d.tripcdn.com/images/0ww3t12000cnuss43C54E_D_1180_558.jpg?proc=source%2ftrip"",""https://ak-d.tripcdn.com/images/0101o120008iip3216542_D_1180_558.jpg?proc=source%2ftrip""]",Bo Trach District,https://ak-d.tripcdn.com/images/100t1f000001gq9s9C6A6.jpg,17.504707,106.29929,1445808
1540074,2024-11-01 09:38:27.008316+00,Bá Thước,[],Ba Thuoc District,https://ak-d.tripcdn.com/images/0ww2w12000adz8oip9120.jpg,20.365335,105.2663,1594654
1540087,2024-11-01 09:35:51.579071+00,Xuân Quan,[],Xuan Quan,https://ak-d.tripcdn.com/images/0ww5d12000cqncsts75D1.jpg,20.96897,105.92005,1524615
1540111,2024-11-05 05:56:41.418349+00,Phụng Công,[],Phung Cong,https://youimg1.tripcdn.com/target/0103o12000agse4tu95C3.jpg,20.95103,105.92593,2134119
1540115,2024-11-05 05:55:34.172901+00,Hương Khê,[],Huong Khe District,https://youimg1.tripcdn.com/target/0103o12000agse4tu95C3.jpg,18.203756,105.64125,1445810
1540132,2024-11-05 06:10:11.291022+00,Duy Tiên,[],Duy Tien,https://youimg1.tripcdn.com/target/0103o12000agse4tu95C3_D_1180_558.jpg,20.626842,105.95155,1524610
1540222,2024-11-01 09:38:22.518516+00,Đông Hải,[],Dong Hai,https://ak-d.tripcdn.com/images/0ww4d120008zbrkom367B.jpg,9.163064,105.453674,1447051
1540235,2024-11-01 09:38:31.785686+00,Kiên Lương,[],Kien Luong,https://ak-d.tripcdn.com/images/0ww39120008ysbcrsEFDE.jpg,10.30439,104.63546,1445816
1540289,2024-11-05 06:00:38.73259+00,Phường Nhà Mát,"[""https://ak-d.tripcdn.com/images/0ww43120008ygfse9E47E_D_1180_558.jpg?proc=source%2ftrip""]",Phuong Nha Mat,https://ak-d.tripcdn.com/images/0ww43120008ygfse9E47E.jpg,9.231446,105.72925,2044758
1540291,2024-11-05 06:00:34.100736+00,Cô Tô,"[""https://ak-d.tripcdn.com/images/0ww6d12000c6m3mbwFE31_D_1180_558.jpg?proc=source%2ftrip""]",Co To District,https://ak-d.tripcdn.com/images/0ww6d12000c6m3mbwFE31.jpg,21.008747,107.79843,3169
1540305,2024-11-05 06:03:45.753847+00,Trà Bồng,[],Tra Bong District,https://youimg1.tripcdn.com/target/0103o12000agse4tu95C3_D_1180_558.jpg,15.251265,108.498825,1524620
1540338,2024-11-05 06:09:24.690983+00,Vĩnh Hưng,[],Vinh Hung District,https://youimg1.tripcdn.com/target/0103o12000agse4tu95C3_D_1180_558.jpg,10.902862,105.80555,1445817
1540356,2024-11-05 06:00:23.192726+00,Hữu Lũng,[],Huu Lung District,https://youimg1.tripcdn.com/target/0103o12000agse4tu95C3.jpg,21.565983,106.29929,1445821
1540360,2024-11-05 05:56:43.08017+00,Kiến Quốc,[],Kien Quoc,https://youimg1.tripcdn.com/target/0103o12000agse4tu95C3.jpg,20.732588,106.331665,2044727
1540385,2024-11-05 06:09:29.386641+00,Hà Quảng,[],Ha Quang District,https://youimg1.tripcdn.com/target/0103o12000agse4tu95C3_D_1180_558.jpg,22.90254,106.13457,24741
1540394,2024-11-05 06:00:48.313448+00,Tri Tôn,[],Tri Ton,https://youimg1.tripcdn.com/target/0103o12000agse4tu95C3.jpg,10.397232,104.98562,1445834
1540396,2024-11-05 06:00:54.602113+00,Võ Nhai,[],Vo Nhai District,https://youimg1.tripcdn.com/target/0103o12000agse4tu95C3.jpg,21.77934,106.017,1445831
1540409,2024-11-05 06:00:45.603506+00,Định Quán,[],Dinh Quan,https://youimg1.tripcdn.com/target/0103o12000agse4tu95C3.jpg,11.157678,107.274055,1445832
1540412,2024-11-05 05:59:35.337772+00,Hưng Hà,[],Hung Ha District,https://youimg1.tripcdn.com/target/0103o12000agse4tu95C3.jpg,20.590374,106.21691,1445827
1540421,2024-11-01 09:38:31.785686+00,Quản Bạ,[],Quan Ba District,https://ak-d.tripcdn.com/images/0ww3g12000ckt10r47253.jpg,23.087187,104.98562,1524634
1540466,2024-11-05 05:57:17.540603+00,Lục Ngạn,[],Luc Ngan District,https://youimg1.tripcdn.com/target/0103o12000agse4tu95C3.jpg,21.435404,106.67629,1447047
1540476,2024-11-05 06:00:42.651801+00,Bắc Yên,[],Bac Yen District,https://youimg1.tripcdn.com/target/0103o12000agse4tu95C3.jpg,21.276554,104.42575,1524635
1540480,2024-11-01 09:38:31.785686+00,Trảng Bom,[],Trang Bom,https://ak-d.tripcdn.com/images/0ww4f120009evbag165CF.jpg,10.966704,107.03032,1445832
1540492,2024-11-05 05:59:33.917077+00,Cửu Cáo,[],Cuu Cao,https://youimg1.tripcdn.com/target/0103o12000agse4tu95C3.jpg,20.960936,105.94355,2134119
1540493,2024-11-05 06:12:22.823799+00,Ngọc Hiển,[],Ngoc Hien District,https://youimg1.tripcdn.com/target/0103o12000agse4tu95C3_D_1180_558.jpg,8.667726,105.003235,1524647
1540494,2024-11-01 09:30:30.027296+00,Mộc Châu,"[""https://ak-d.tripcdn.com/images/0ww0y12000cnuiv3wFE0F_D_1180_558.jpg?proc=source%2ftrip"",""https://ak-d.tripcdn.com/images/0102712000g3anj5p00AA_D_1180_558.jpg?proc=source%2ftrip""]",Moc Chau District,https://ak-d.tripcdn.com/images/0ww1q12000cnui9xr660A.jpg,20.922083,104.75209,1524635
1540539,2024-11-01 09:32:59.675546+00,Hoa Lư,"[""https://ak-d.tripcdn.com/images/0103812000g25p1tn7EA0_D_1180_558.jpg?proc=source%2ftrip"",""https://ak-d.tripcdn.com/images/0ww5312000a9tekma4DDC_D_1180_558.jpg?proc=source%2ftrip"",""https://ak-d.tripcdn.com/images/ww0g1e000001f8mgs86F0_D_1180_558.jpg?proc=source%2ftrip"",""https://ak-d.tripcdn.com/images/0ww1y12000aro658b31C1_D_1180_558.jpg?proc=source%2ftrip""]",Hoa Lu District,https://ak-d.tripcdn.com/images/ww0g1e000001f8mgs86F0.jpg,20.248814,105.91124,1524646
1540572,2024-11-05 05:54:41.087325+00,La Phù,[],La Phu,https://youimg1.tripcdn.com/target/0103o12000agse4tu95C3.jpg,21.16121,105.260445,2044756
1540573,2024-11-05 05:59:01.211428+00,tx.An Biên,[],An Bien District,https://youimg1.tripcdn.com/target/0103o12000agse4tu95C3.jpg,9.806456,105.05574,1445816
1540592,2024-11-05 05:56:42.350603+00,Trường Khánh,[],Truong Khanh,https://youimg1.tripcdn.com/target/0103o12000agse4tu95C3.jpg,9.681075,106.01112,2134233
1540610,2024-11-05 05:58:34.768961+00,Quỳnh Nhai,[],Quynh Nhai District,https://youimg1.tripcdn.com/target/0103o12000agse4tu95C3.jpg,21.713203,103.68259,1524635
1540612,2024-11-05 05:58:59.007774+00,Cao Lộc,[],Cao Loc District,https://youimg1.tripcdn.com/target/0103o12000agse4tu95C3.jpg,21.90363,106.84144,1445821
1540615,2024-11-05 05:57:13.387267+00,Mỹ Lý,[],My Ly,https://youimg1.tripcdn.com/target/0103o12000agse4tu95C3.jpg,19.633293,104.30938,2134436
1540635,2024-11-05 05:58:51.998031+00,Quảng Ninh,[],Quang Ninh District,https://youimg1.tripcdn.com/target/0103o12000agse4tu95C3.jpg,17.239458,106.461624,1445808
1540658,2024-11-01 09:38:31.785686+00,Tuy An,"[""https://ak-d.tripcdn.com/images/ww0q1e000001evte39C9B_D_1180_558.png?proc=source%2ftrip"",""https://ak-d.tripcdn.com/images/0ww1v12000crdoj5iBBF7_D_1180_558.jpg?proc=source%2ftrip"",""https://ak-d.tripcdn.com/images/0ww1z12000cq3ztiy5635_D_1180_558.jpg?proc=source%2ftrip""]",Tuy An District,https://ak-d.tripcdn.com/images/0ww4j12000cjgyr9472F3.jpg,13.297735,109.23557,1445795
1540679,2024-11-01 09:25:35.852438+00,Cam Ranh,"[""https://ak-d.tripcdn.com/images/0ww4412000ay43u2d83A0_D_1180_558.jpg?proc=source%2ftrip"",""https://ak-d.tripcdn.com/images/ww0g1e000001evjx3D51E_D_1180_558.png?proc=source%2ftrip"",""https://ak-d.tripcdn.com/images/0ww09120008zal1rk1E94_D_1180_558.jpg?proc=source%2ftrip""]",Cam Ranh,https://ak-d.tripcdn.com/images/ww0k1e000001f2jc5008E.png,11.914263,109.10477,24723
1540690,2024-11-05 05:59:37.253012+00,Văn Lâm,[],Van Lam,https://youimg1.tripcdn.com/target/0103o12000agse4tu95C3.jpg,20.98546,106.04637,1524615
1540757,2024-11-05 05:58:47.724958+00,An Thuận,[],An Thuan,https://youimg1.tripcdn.com/target/0103o12000agse4tu95C3.jpg,9.893024,106.528946,2134376
1540784,2024-11-05 06:00:49.282065+00,Tiên Du,[],Tien Du District,https://youimg1.tripcdn.com/target/0103o12000agse4tu95C3.jpg,21.11783,106.02875,1445852
1540787,2024-11-05 06:00:41.414443+00,Tam Điệp,[],Tam Diep,https://youimg1.tripcdn.com/target/0103o12000agse4tu95C3.jpg,20.145712,105.8995,1524646
1540802,2024-11-05 05:59:30.979011+00,Đại Từ,[],Dai Tu District,https://ak-d.tripcdn.com/images/0ww3h12000cnhk6nf89ED.jpg,21.630436,105.64125,1445831
1540827,2024-11-03 05:54:36.434099+00,Nam Đàn,"[""https://ak-d.tripcdn.com/images/ww0m1e000001f81n3B6D1_D_1180_558.png?proc=source%2ftrip""]",Nam Dan District,https://ak-d.tripcdn.com/images/0ww1s12000colvg3yA342_D_1180_558.jpg,18.698345,105.523994,1445828
1540835,2024-11-05 05:57:16.751459+00,Đông Hưng,[],Dong Hung District,https://youimg1.tripcdn.com/target/0103o12000agse4tu95C3.jpg,20.564093,106.36993,1445827
1540872,2024-11-05 06:09:32.771292+00,Mỏ Cày Nam,[],Mo Cay Nam,https://youimg1.tripcdn.com/target/0103o12000agse4tu95C3_D_1180_558.jpg,10.04684,106.36993,1524614
1540882,2024-11-05 06:04:16.871063+00,Duyên Hải,[],Duyen Hai District,https://youimg1.tripcdn.com/target/0103o12000agse4tu95C3_D_1180_558.jpg,9.631185,106.48771,24756
1540907,2024-11-05 06:03:52.682292+00,tx. Ngã Năm,[],Tx. Nga Nam,https://youimg1.tripcdn.com/target/0103o12000agse4tu95C3_D_1180_558.jpg,9.521517,105.6178,1524648
1540932,2024-11-01 09:32:59.675546+00,Hàm Thuận Nam,"[""https://ak-d.tripcdn.com/images/0ww6412000c0zxe20ED0B_D_1180_558.jpg?proc=source%2ftrip""]",Ham Thuan Nam District,https://ak-d.tripcdn.com/images/100h1f000001gru5y050C.jpg,10.850294,107.905785,3168
1540935,2024-11-05 05:59:25.455897+00,Kim Bảng,[],Kim Bang,https://ak-d.tripcdn.com/images/0ww0u12000aummfscE69F.jpg,20.563362,105.85625,1524610
1540956,2024-11-01 09:32:59.675546+00,Gia Viễn,"[""https://ak-d.tripcdn.com/images/0ww1g12000cod0kyy5BAE_D_1180_558.jpg?proc=source%2ftrip"",""https://ak-d.tripcdn.com/images/0ww4t12000colkoy365A1_D_1180_558.jpg?proc=source%2ftrip""]",Gia Vien District,https://ak-d.tripcdn.com/images/0ww2u12000colky5k4B66.jpg,20.3353,105.852516,1524646
1541020,2024-11-05 06:00:57.129183+00,Thoại Sơn,[],Thoai Son,https://youimg1.tripcdn.com/target/0103o12000agse4tu95C3.jpg,10.25951,105.2608,1445834
1541022,2024-11-05 05:58:47.126993+00,Bến Lức,[],Ben Luc,https://youimg1.tripcdn.com/target/0103o12000agse4tu95C3.jpg,10.641162,106.4856,1445817
1541064,2024-11-05 05:56:38.617723+00,Mỹ Châu,[],My Chau,https://youimg1.tripcdn.com/target/0103o12000agse4tu95C3.jpg,14.343099,109.057205,2134428
1541065,2024-11-05 06:04:03.911448+00,Sông Mã,[],Song Ma District,https://youimg1.tripcdn.com/target/0103o12000agse4tu95C3_D_1180_558.jpg,21.059324,103.68259,1524635
1541080,2024-11-03 05:24:35.060088+00,Tam Đường,"[""https://ak-d.tripcdn.com/images/0ww3a12000axys47x971D_D_1180_558.jpg?proc=source%2ftrip"",""https://ak-d.tripcdn.com/images/1lo1v12000dcjtlo80818_D_1180_558.jpg?proc=source%2ftrip""]",Tam Duong District,https://ak-d.tripcdn.com/images/1lo0w12000dcjtoe31D2A_D_1180_558.jpg,22.349705,103.61312,24731
1541083,2024-11-05 06:00:22.316134+00,Lâm Hà,"[""https://ak-d.tripcdn.com/images/ww0l1e000001exoqeF8E7_D_1180_558.png?proc=source%2ftrip"",""https://ak-d.tripcdn.com/images/1lo0d12000cq56rl2A632_D_1180_558.jpg?proc=source%2ftrip"",""https://ak-d.tripcdn.com/images/0ww3z12000cncm195D719_D_1180_558.jpg?proc=source%2ftrip""]",Lam Ha District,https://ak-d.tripcdn.com/images/100s1f000001gx50q78FF.jpg,11.790683,108.19031,3173
1541097,2024-11-05 06:00:17.631524+00,Xín Mần,[],Xin Man District,https://youimg1.tripcdn.com/target/0103o12000agse4tu95C3.jpg,22.665916,104.51892,1524634
1541174,2024-11-05 06:02:53.635022+00,Cẩm Giàng,[],Cam Giang District,https://youimg1.tripcdn.com/target/0103o12000agse4tu95C3_D_1180_558.jpg,20.947948,106.22868,1524637
1541203,2024-11-01 09:38:31.785686+00,Krông Nô,[],Krong No District,https://ak-d.tripcdn.com/images/0ww3p12000ar88tdg61EA.jpg,12.342648,107.811,1524599
1541205,2024-11-05 06:09:22.88213+00,Mường Chà,[],Muong Cha District,https://youimg1.tripcdn.com/target/0103o12000agse4tu95C3_D_1180_558.jpg,21.859661,103.03569,1445794
1541231,2024-11-05 05:55:35.197298+00,Hương Mai,[],Huong Mai,https://youimg1.tripcdn.com/target/0103o12000agse4tu95C3.jpg,21.28408,106.04639,2134217
1541264,2024-11-05 05:59:32.373757+00,TT. Hoà Thành,[],TT. Hoa Thanh,https://ak-d.tripcdn.com/images/10071f000001h6x0u6743.jpg,11.293883,106.12575,2134408
1541296,2024-11-05 06:00:20.771576+00,Thuận Châu,[],Thuan Chau District,https://youimg1.tripcdn.com/target/0103o12000agse4tu95C3.jpg,21.390066,103.63627,1524635
1541341,2024-11-05 06:00:38.128773+00,Tịnh Biên,[],Tinh Bien,https://ak-d.tripcdn.com/images/0ww2p12000cocz0t7FF1F.jpg,10.549107,105.00899,1445834
1541358,2024-11-05 05:58:59.681649+00,Tân Biên,[],Tan Bien District,https://youimg1.tripcdn.com/target/0103o12000agse4tu95C3.jpg,11.572115,106.017,1524613
1541382,2024-11-05 05:56:40.71156+00,Thọ Xuân,[],Tho Xuan District,https://youimg1.tripcdn.com/target/0103o12000agse4tu95C3.jpg,19.905912,105.47711,1594654
1541387,2024-11-05 05:59:33.229347+00,Buôn Đôn,"[""https://ak-d.tripcdn.com/images/0ww1i12000cq85o9lD859_D_1180_558.jpg?proc=source%2ftrip""]",Buon Don,https://ak-d.tripcdn.com/images/0ww5712000cq869e4B3A6.jpg,12.879161,107.71625,24724
1541434,2024-11-05 06:00:18.425796+00,Hoài Nhơn,[],Hoai Nhon District,https://youimg1.tripcdn.com/target/0103o12000agse4tu95C3.jpg,14.466639,109.04532,1445820
1541467,2024-11-01 09:38:31.785686+00,Khánh Vĩnh,"[""https://ak-d.tripcdn.com/images/0ww6p12000ctnbtep762D_D_1180_558.jpg?proc=source%2ftrip"",""https://ak-d.tripcdn.com/images/fd/tg/g4/M04/43/21/CggYHVXK4--AE768AAJi_Pes1fc635_D_1180_558.jpg?proc=source%2ftrip""]",Khanh Vinh District,https://ak-d.tripcdn.com/images/10011f000001h37ks77F2.jpg,12.270596,108.85515,
1541500,2024-11-05 05:55:39.449379+00,Kiến An,[],Kien An,https://youimg1.tripcdn.com/target/0103o12000agse4tu95C3.jpg,10.542318,105.371666,2134385
1541536,2024-11-05 05:57:10.811305+00,Lục Yên,[],Luc Yen District,https://youimg1.tripcdn.com/target/0103o12000agse4tu95C3.jpg,22.090004,104.70543,1524574
1541556,2024-11-05 06:00:55.852862+00,Giồng Trôm,"[""https://ak-d.tripcdn.com/images/0ww0k12000cukxsp1BB5F_D_1180_558.jpg?proc=source%2ftrip""]",Giong Trom District,https://ak-d.tripcdn.com/images/0ww0k12000cukxsp1BB5F.jpg,10.171885,106.46415,1524614
1541589,2024-11-05 06:00:13.358833+00,Thị xã Đồng Xoài,[],Thi xa Dong Xoai,https://youimg1.tripcdn.com/target/0103o12000agse4tu95C3.jpg,11.536023,106.89082,1524651
1541593,2024-11-05 05:59:36.615568+00,Lấp Vò,[],Lap Vo,https://youimg1.tripcdn.com/target/0103o12000agse4tu95C3.jpg,10.357805,105.63081,1524594
1541597,2024-11-02 17:22:42.965841+00,Thành phố Uông Bí,"[""https://ak-d.tripcdn.com/images/0ww0512000cjj7b5nD627_D_1180_558.jpg?proc=source%2ftrip"",""https://ak-d.tripcdn.com/images/0ww4312000crfhc1vDEBC_D_1180_558.jpg?proc=source%2ftrip""]",Thanh pho Uong Bi,https://ak-d.tripcdn.com/images/0ww6812000cjj6uv8DC66_D_1180_558.jpg,21.081585,106.747055,3169
1541601,2024-11-05 05:55:36.975274+00,Phúc Lai,[],Phuc Lai,https://youimg1.tripcdn.com/target/0103o12000agse4tu95C3.jpg,21.617846,105.096664,2134227
1541625,2024-11-01 09:38:27.008316+00,Lạc Dương,"[""https://ak-d.tripcdn.com/images/1lo4912000fqodfd9FBCA_D_1180_558.png?proc=source%2ftrip"",""https://ak-d.tripcdn.com/images/0ww4k12000cuwg1n426B8_D_1180_558.jpg?proc=source%2ftrip"",""https://ak-d.tripcdn.com/images/0ww3012000cpr5dwmC9A8_D_1180_558.jpg?proc=source%2ftrip""]",Lac Duong District,https://ak-d.tripcdn.com/images/100o1f000001gp2wv3D88.jpg,12.121831,108.47508,3173
1541662,2024-11-05 05:59:05.900121+00,Thống Nhất,[],Thong Nhat District,https://youimg1.tripcdn.com/target/0103o12000agse4tu95C3.jpg,10.994359,107.15472,1445832
1541688,2024-11-05 06:00:50.750945+00,Vĩnh Cửu,[],Vinh Cuu District,https://ak-d.tripcdn.com/images/0ww5t12000cn3tn2x23B8.jpg,11.3049,107.060524,1445832
1541708,2024-11-05 06:00:51.590203+00,Trần Văn Thời,[],Tran Van Thoi District,https://youimg1.tripcdn.com/target/0103o12000agse4tu95C3.jpg,9.100971,104.892166,1524647
1541716,2024-11-05 05:55:36.254352+00,Thạch Khê,[],Thach Khe,https://youimg1.tripcdn.com/target/0103o12000agse4tu95C3.jpg,18.390778,105.95236,2134101
1541718,2024-11-05 05:53:18.598405+00,Pác Nặm,[],Pac Nam District,https://youimg1.tripcdn.com/target/0103o12000agse4tu95C3.jpg,22.612637,105.67033,1524575
1541748,2024-11-05 06:00:57.761878+00,Đơn Dương,[],Don Duong District,https://ak-d.tripcdn.com/images/0ww3z12000c6jo70f8DB6.jpg,11.745233,108.54632,3173
1541754,2024-11-05 06:01:03.662548+00,tx. Đông Triều,[],Dong Trieu,https://ak-d.tripcdn.com/images/0ww0t12000952ijdm7FD7.jpg,21.095816,106.60555,3169
1541774,2024-11-05 05:58:49.66217+00,Mèo Vạc,[],Meo Vac District,https://youimg1.tripcdn.com/target/0103o12000agse4tu95C3.jpg,23.134106,105.453674,1524634
1541783,2024-11-05 06:00:25.892866+00,Nghi Sơn,"[""https://ak-d.tripcdn.com/images/0ww4s12000ckje8asFFA1_D_1180_558.jpg?proc=source%2ftrip""]",Nghi Son,https://ak-d.tripcdn.com/images/0ww3p12000ckje2bqF5DA.jpg,19.43838,105.77451,1594654
1541822,2024-11-05 06:09:27.362282+00,Bát Xát,[],Bat Xat District,https://youimg1.tripcdn.com/target/0103o12000agse4tu95C3_D_1180_558.jpg,22.553934,103.68259,1445658
1541828,2024-11-03 05:33:05.936656+00,Giá Rai,"[""https://ak-d.tripcdn.com/images/0ww6n120008ys7vev1CF0_D_1180_558.jpg?proc=source%2ftrip""]",Gia Rai District,https://ak-d.tripcdn.com/images/0ww4d120008zbrkom367B_D_1180_558.jpg,9.260136,105.37531,1447051
1541894,2024-11-05 05:55:45.93416+00,Lơng Thịnh,[],Long Thinh,https://youimg1.tripcdn.com/target/0103o12000agse4tu95C3.jpg,21.651972,104.7871,2134212
1541921,2024-11-05 06:02:59.505957+00,Quỳnh Phụ,[],Quynh Phu,https://youimg1.tripcdn.com/target/0103o12000agse4tu95C3_D_1180_558.jpg,20.660826,106.32769,1445827
1541944,2024-11-05 06:00:28.343703+00,Nhơn Trạch,"[""https://ak-d.tripcdn.com/images/0ww6u12000cuwnuc7BAC9_D_1180_558.jpg?proc=source%2ftrip""]",Nhon Trach District,https://ak-d.tripcdn.com/images/0ww1f12000cv09wcz9FCC.jpg,10.696884,106.89077,1445832
1542075,2024-11-01 09:35:51.579071+00,Vân Đồn,"[""https://ak-d.tripcdn.com/images/0106b120008j0lsiiCD1F_D_1180_558.jpg?proc=source%2ftrip""]",Van Don District,https://ak-d.tripcdn.com/images/0106b120008j0lsiiCD1F.jpg,21.069399,107.42023,
1542076,2024-11-05 06:00:35.778521+00,Từ Sơn,[],Tu Son,https://ak-d.tripcdn.com/images/0ww40120008zbv8ox967C.jpg,21.124624,105.95824,1445852
1542081,2024-11-05 05:55:49.076629+00,Hà Hải,[],Ha Hai,https://youimg1.tripcdn.com/target/0103o12000agse4tu95C3.jpg,19.99101,105.91418,2134425
1542109,2024-11-05 06:00:34.898712+00,Châu Đức,"[""https://ak-d.tripcdn.com/images/0ww0k12000adz7wt772E2_D_1180_558.jpg?proc=source%2ftrip""]",Chau Duc District,https://ak-d.tripcdn.com/images/0ww7012000adz7tov21C2.jpg,10.62847,107.243,3172
1542127,2024-11-05 06:03:47.882582+00,Bắc Mê,[],Bac Me District,https://youimg1.tripcdn.com/target/0103o12000agse4tu95C3_D_1180_558.jpg,22.781149,105.2663,1524634
1542151,2024-11-01 09:32:59.675546+00,Duy Xuyên,"[""https://ak-d.tripcdn.com/images/100n0z000000nhh59D754_D_1180_558.jpg?proc=source%2ftrip""]",Duy Xuyen District,https://ak-d.tripcdn.com/images/100w0u000000jby86F04F.jpg,15.77511,108.16659,3171
1542204,2024-11-05 05:55:37.70217+00,Nật Sơn,[],Nat Son,https://youimg1.tripcdn.com/target/0103o12000agse4tu95C3.jpg,20.739614,105.5533,2134076
1542222,2024-11-05 05:57:15.711229+00,Kon Plông,[],Kon Plong District,https://youimg1.tripcdn.com/target/0103o12000agse4tu95C3.jpg,14.797689,108.2852,1524627
1543049,2024-11-05 06:01:02.580226+00,Lăng Cô,"[""https://ak-d.tripcdn.com/images/100h1f000001grvpf6B86_D_1180_558.jpg?proc=source%2ftrip"",""https://ak-d.tripcdn.com/images/100j0z000000ni8zf2FC2_D_1180_558.jpg?proc=source%2ftrip"",""https://ak-d.tripcdn.com/images/100d0k000000cdt155C45_D_1180_558.jpg?proc=source%2ftrip""]",Lang Co,https://ak-d.tripcdn.com/images/100h1f000001grvpf6B86.jpg,16.225218,108.05987,121523
1543713,2024-11-05 05:58:53.43642+00,Khai Quang,[],Khai Quang,https://youimg1.tripcdn.com/target/0103o12000agse4tu95C3.jpg,21.313065,105.62366,1526928
1543724,2024-11-05 05:59:34.560334+00,Đống Đa,[],Dong Da,https://ak-d.tripcdn.com/images/ww041f000001gn52r72BE.png,21.306305,105.603134,1526928
1543742,2024-11-01 09:35:51.579071+00,Ba Bể,"[""https://ak-d.tripcdn.com/images/0ww1712000cn6c7lkC639_D_1180_558.jpg?proc=source%2ftrip""]",Ba Be District,https://ak-d.tripcdn.com/images/0ww2g12000cn6bpqv1342.jpg,22.36369,105.735115,1524575
1587764,2024-11-05 06:00:53.114782+00,Chợ Gạo,[],Cho Gao District,https://youimg1.tripcdn.com/target/0103o12000agse4tu95C3.jpg,10.379391,106.45419,1445826
1587814,2024-11-05 06:01:01.80535+00,Lát,"[""https://ak-d.tripcdn.com/images/0ww3012000cpr5dwmC9A8_D_1180_558.jpg?proc=source%2ftrip""]",Lat,https://ak-d.tripcdn.com/images/0ww1c12000cpr5k0y8D8D.jpg,12.101544,108.45135,1541625
1588166,2024-11-05 05:58:52.716172+00,Bình Khê,[],Binh Khe,https://youimg1.tripcdn.com/target/0103o12000agse4tu95C3.jpg,21.131672,106.593765,1541754
1588329,2024-11-01 09:38:31.785686+00,Thượng Yên Công,"[""https://ak-d.tripcdn.com/images/0ww4312000crfhc1vDEBC_D_1180_558.jpg?proc=source%2ftrip""]",Thuong Yen Cong,https://ak-d.tripcdn.com/images/0ww4g12000crfhcdk5631.jpg,21.117434,106.73526,1541597
1588347,2024-11-05 06:00:49.998097+00,Đất Mũi,[],Dat Mui,https://youimg1.tripcdn.com/target/0103o12000agse4tu95C3.jpg,8.612569,104.77543,1540493
1588406,2024-11-01 09:38:31.785686+00,Trường Yên,"[""https://ak-d.tripcdn.com/images/ww0g1e000001f8mgs86F0_D_1180_558.jpg?proc=source%2ftrip"",""https://ak-d.tripcdn.com/images/0ww6312000cndf51m68AE_D_1180_558.jpg?proc=source%2ftrip"",""https://ak-d.tripcdn.com/images/0ww5012000arp7dteB28C_D_1180_558.jpg?proc=source%2ftrip""]",Truong Yen,https://ak-d.tripcdn.com/images/ww0g1e000001f8mgs86F0.jpg,20.2783,105.90537,1540539
1588486,2024-11-05 05:58:42.30903+00,Sử Pán,[],Su Pan,https://youimg1.tripcdn.com/target/0103o12000agse4tu95C3.jpg,22.296247,103.9289,24736
1588680,2024-11-05 05:57:11.328003+00,Cổ Linh,[],Co Linh,https://youimg1.tripcdn.com/target/0103o12000agse4tu95C3.jpg,22.55452,105.62366,1541718
1588786,2024-11-05 05:59:07.246844+00,TT. Long Thành,[],TT. Long Thanh,https://youimg1.tripcdn.com/target/0103o12000agse4tu95C3.jpg,10.77828,106.94472,1447682
1588791,2024-11-01 09:35:51.579071+00,Lộc Vĩnh,"[""https://ak-d.tripcdn.com/images/ww0b1e000001fabtl1FC2_D_1180_558.jpg?proc=source%2ftrip""]",Loc Vinh,https://ak-d.tripcdn.com/images/ww0t1e000001filwe8972.jpg,16.304535,107.99467,121523
1588840,2024-11-03 04:12:01.641261+00,San Sả Hồ,"[""https://ak-d.tripcdn.com/images/0ww5112000cv3ft2a1821_D_1180_558.jpg?proc=source%2ftrip"",""https://ak-d.tripcdn.com/images/0ww6v12000cdlv6di54A5_D_1180_558.jpg?proc=source%2ftrip""]",San Sa Ho,https://ak-d.tripcdn.com/images/0ww6v12000cdlv6di54A5_D_1180_558.jpg,22.321142,103.810036,24736
1588846,2024-11-01 09:38:22.518516+00,Lang Phuoc Hai,[],Lang Phuoc Hai,https://ak-d.tripcdn.com/images/0ww4r12000adz7vr6C637.jpg,10.4054165,107.26073,1525805
1588895,2024-11-05 05:56:37.418385+00,Ba Ngòi,[],Ba Ngoi,https://youimg1.tripcdn.com/target/0103o12000agse4tu95C3.jpg,11.907564,109.122604,1540679
1588911,2024-11-05 05:58:40.749731+00,Hương Mỹ,[],Huong My,https://youimg1.tripcdn.com/target/0103o12000agse4tu95C3.jpg,9.99671,106.39937,1540872
1589020,2024-11-05 05:59:04.764837+00,Chánh Nghĩa,[],Chanh Nghia,https://youimg1.tripcdn.com/target/0103o12000agse4tu95C3.jpg,10.963346,106.655655,1525777
1589072,2024-11-05 05:58:35.651358+00,Mường Mươn,[],Muong Muon,https://youimg1.tripcdn.com/target/0103o12000agse4tu95C3.jpg,21.647224,103.05874,1541205
1589140,2024-11-05 06:00:37.39854+00,Ghềnh Ráng,"[""https://ak-d.tripcdn.com/images/ww0s1f000001gx5li84C6_D_1180_558.png?proc=source%2ftrip"",""https://ak-d.tripcdn.com/images/0ww3312000arx12yh5177_D_1180_558.jpg?proc=source%2ftrip""]",Ghenh Rang,https://ak-d.tripcdn.com/images/0ww5512000cj4iadn2080.jpg,13.714633,109.20584,24728
1589247,2024-11-05 05:57:10.025174+00,Hải Cảng,[],Hai Cang,https://youimg1.tripcdn.com/target/0103o12000agse4tu95C3.jpg,13.777257,109.25342,24728
1589436,2024-11-05 05:58:38.225009+00,Cốc Mỳ,[],Coc My,https://youimg1.tripcdn.com/target/0103o12000agse4tu95C3.jpg,22.607292,103.7405,1541822
1589486,2024-11-05 05:54:40.233494+00,An Dục,[],An Duc,https://youimg1.tripcdn.com/target/0103o12000agse4tu95C3.jpg,20.614162,106.419975,1541921
1589542,2024-11-05 05:58:56.759787+00,Châu Giang,[],Chau Giang,https://youimg1.tripcdn.com/target/0103o12000agse4tu95C3.jpg,20.664286,105.98762,1540132
1589624,2024-11-05 05:54:43.392596+00,An Hải,[],An Hai,https://youimg1.tripcdn.com/target/0103o12000agse4tu95C3.jpg,11.524781,108.99183,24771
1589660,2024-11-05 05:58:51.159587+00,P. Minh Khai,[],P. Minh Khai,https://youimg1.tripcdn.com/target/0103o12000agse4tu95C3.jpg,22.8135,104.99146,24742
1589699,2024-11-01 09:38:27.008316+00,Hầu Thào,"[""https://ak-d.tripcdn.com/images/0ww5r12000c7cazmb3E9D_D_1180_558.jpg?proc=source%2ftrip""]",Hau Thao,https://ak-d.tripcdn.com/images/ww0p1e000001eu0e6C845.png,22.316273,103.8999,24736
1589723,2024-11-05 05:55:45.034199+00,Yên Dịnh,[],Yen Dinh,https://youimg1.tripcdn.com/target/0103o12000agse4tu95C3.jpg,22.807514,105.114204,1542127
1589773,2024-11-05 06:00:46.317022+00,Xã Hiệp An,[],Xa Hiep An,https://youimg1.tripcdn.com/target/0103o12000agse4tu95C3.jpg,11.02985,106.63797,1525777
1589780,2024-11-05 05:58:39.467177+00,Hoài Sơn,[],Hoai Son,https://youimg1.tripcdn.com/target/0103o12000agse4tu95C3.jpg,14.63694,109.00966,1541434
1589849,2024-11-05 06:00:15.731712+00,P.Tây Sơn,[],P.Tay Son,https://youimg1.tripcdn.com/target/0103o12000agse4tu95C3.jpg,13.985291,108.002075,15673
1589986,2024-11-05 06:00:59.821055+00,Thị trấn Lạc Dương,"[""https://ak-d.tripcdn.com/images/0ww1012000cjs8002EB36_D_1180_558.jpg?proc=source%2ftrip"",""https://ak-d.tripcdn.com/images/0ww6v12000cqe3u8r7C64_D_1180_558.jpg?proc=source%2ftrip""]",Thi tran Lac Duong,https://ak-d.tripcdn.com/images/100o1f000001gp2wv3D88.jpg,12.031569,108.43354,1541625
1590007,2024-11-05 06:00:14.312084+00,Thủy Biều,"[""https://ak-d.tripcdn.com/images/0ww4z12000cq80k1xA2B2_D_1180_558.jpg?proc=source%2ftrip""]",Thuy Bieu,https://ak-d.tripcdn.com/images/ww0m1f000001gxsagCFAD.png,16.442553,107.547554,667
1590068,2024-11-05 05:58:50.35203+00,Tân Hào,[],Tan Hao,https://youimg1.tripcdn.com/target/0103o12000agse4tu95C3.jpg,10.144522,106.47004,1541556
1590110,2024-11-05 05:55:47.75333+00,TT. Tam Đảo,[],TT. Tam Dao,https://youimg1.tripcdn.com/target/0103o12000agse4tu95C3.jpg,21.45323,105.64419,1447662
1590114,2024-11-05 05:58:38.799379+00,Hạ Thôn,[],Ha Thon,https://youimg1.tripcdn.com/target/0103o12000agse4tu95C3.jpg,22.821806,106.1875,1540385
1590136,2024-11-01 09:28:07.227724+00,TT. Sa Pa,"[""https://ak-d.tripcdn.com/images/0100t120008xfafnq6CDB_D_1180_558.jpg?proc=source%2ftrip"",""https://ak-d.tripcdn.com/images/0ww6w12000cnns6rz761A_D_1180_558.jpg?proc=source%2ftrip"",""https://ak-d.tripcdn.com/images/0ww3v12000cqkdlyh886C_D_1180_558.jpg?proc=source%2ftrip"",""https://ak-d.tripcdn.com/images/0ww0d12000ay3sk2p13F7_D_1180_558.jpg?proc=source%2ftrip""]",TT. Sa Pa,https://ak-d.tripcdn.com/images/0105m120009istd10DF1B.jpg,22.348816,103.82742,
1590282,2024-11-05 05:53:20.333046+00,Vĩnh Lạc,[],Vinh Lac,https://youimg1.tripcdn.com/target/0103o12000agse4tu95C3.jpg,22.095127,104.83962,1541536
1590293,2024-11-05 06:00:19.951864+00,P. Núi Sam,"[""https://ak-d.tripcdn.com/images/0ww241200090ff8d1D070_D_1180_558.jpg?proc=source%2ftrip"",""https://ak-d.tripcdn.com/images/0ww5m12000cjgycvu036A_D_1180_558.jpg?proc=source%2ftrip"",""https://ak-d.tripcdn.com/images/0ww6f120008zeapqiD6D0_D_1180_558.jpg?proc=source%2ftrip""]",P. Nui Sam,https://ak-d.tripcdn.com/images/0ww0k12000cjgy0f7CB45.jpg,10.671254,105.08497,24757
1590424,2024-11-05 06:00:59.159882+00,TT. Núi Sập,[],TT. Nui Sap,https://youimg1.tripcdn.com/target/0103o12000agse4tu95C3.jpg,10.258168,105.27215,1541020
1590573,2024-11-05 06:00:16.60889+00,An Hảo,[],An Hao,https://youimg1.tripcdn.com/target/0103o12000agse4tu95C3.jpg,10.470899,105.04405,1541341
1590596,2024-11-05 05:54:37.822255+00,Kim Giang,[],Kim Giang,https://youimg1.tripcdn.com/target/0103o12000agse4tu95C3.jpg,20.96091,106.18456,1541174
1590666,2024-11-05 05:59:31.567192+00,Xã Bình Thắng,[],Xa Binh Thang,https://youimg1.tripcdn.com/target/0103o12000agse4tu95C3.jpg,10.906007,106.80309,1526934
1590741,2024-11-05 05:57:12.754091+00,Nấm Dần,[],Nam Dan,https://youimg1.tripcdn.com/target/0103o12000agse4tu95C3.jpg,22.587616,104.48398,1541097
1590757,2024-11-05 05:58:41.555612+00,Đam Bri,[],Dam Bri,https://youimg1.tripcdn.com/target/0103o12000agse4tu95C3.jpg,11.604552,107.76955,121753
1590801,2024-11-05 05:56:39.980496+00,Mường Lầm,[],Muong Lam,https://youimg1.tripcdn.com/target/0103o12000agse4tu95C3.jpg,21.196264,103.5784,1541065
1590912,2024-11-05 05:55:48.465584+00,Vĩnh Qưới,[],Vinh Quoi,https://youimg1.tripcdn.com/target/0103o12000agse4tu95C3.jpg,9.57245,105.565025,1540907
1591138,2024-11-05 05:58:36.144611+00,Tuyên Bình,[],Tuyen Binh,https://youimg1.tripcdn.com/target/0103o12000agse4tu95C3.jpg,10.818042,105.85839,1540338
1591211,2024-11-02 18:09:26.854357+00,Duy Hoà,"[""https://ak-d.tripcdn.com/images/100n0z000000nhh59D754_D_1180_558.jpg?proc=source%2ftrip""]",Duy Hoa,https://ak-d.tripcdn.com/images/100w0u000000jby86F04F_D_1180_558.jpg,15.812032,108.13101,1542151
1592367,2024-11-01 09:38:22.518516+00,Sơn Trạch,"[""https://ak-d.tripcdn.com/images/0ww2i12000cnbvhunC006_D_1180_558.jpg?proc=source%2ftrip"",""https://ak-d.tripcdn.com/images/0ww3t12000cnuss43C54E_D_1180_558.jpg?proc=source%2ftrip"",""https://ak-d.tripcdn.com/images/0101o120008iip3216542_D_1180_558.jpg?proc=source%2ftrip"",""https://ak-d.tripcdn.com/images/ww091e000001ezny6666D_D_1180_558.png?proc=source%2ftrip""]",Son Trach,https://ak-d.tripcdn.com/images/0ww0312000cnbxdpn499E.jpg,17.563065,106.28752,1540059
1592443,2024-11-05 05:57:13.856876+00,Long Khánh,[],Long Khanh,https://youimg1.tripcdn.com/target/0103o12000agse4tu95C3.jpg,9.6017885,106.42881,1540882
1592532,2024-11-05 06:00:55.426886+00,Mường Sai,[],Muong Sai,https://youimg1.tripcdn.com/target/0103o12000agse4tu95C3.jpg,20.975164,103.99563,1541065
1594397,2024-11-05 05:55:44.467108+00,Trà Khê,[],Tra Khe,https://youimg1.tripcdn.com/target/0103o12000agse4tu95C3.jpg,15.210099,108.3208,1540305
1594652,2024-11-05 05:55:42.12962+00,Đông Nam Bộ,[],Southeast Region,https://youimg1.tripcdn.com/target/0103o12000agse4tu95C3.jpg,10.823099,106.62966,
1594654,2024-11-01 09:35:51.579071+00,Thanh Hóa,"[""https://ak-d.tripcdn.com/images/0ww0r12000ax9nlym7F0D_D_1180_558.jpg?proc=source%2ftrip"",""https://ak-d.tripcdn.com/images/0ww4s12000ckje8asFFA1_D_1180_558.jpg?proc=source%2ftrip"",""https://ak-d.tripcdn.com/images/0ww2c12000c7pj8n232D1_D_1180_558.jpg?proc=source%2ftrip""]",Thanh Hoa Province,https://ak-d.tripcdn.com/images/0ww2o12000ax9mttx57AE.jpg,20.129128,105.31312,
1594667,2024-11-05 05:55:40.20638+00,Vùng thủ đô Hà Nội,[],Hanoi Capital Region,https://youimg1.tripcdn.com/target/0103o12000agse4tu95C3.jpg,21.030735,105.8524,
1594676,2024-11-05 05:55:38.837885+00,Vùng đô thị Thành phố Hồ Chí Minh,[],Ho Chi Minh City Metropolitan Area,https://youimg1.tripcdn.com/target/0103o12000agse4tu95C3.jpg,10.823099,106.62966,
2020749,2024-11-01 09:32:59.675546+00,Thành phố Việt Trì,"[""https://ak-d.tripcdn.com/images/0ww1i12000colvjtdE713_D_1180_558.jpg?proc=source%2ftrip""]",Viet Tri,https://ak-d.tripcdn.com/images/0103r120008x7y2pj01F0.jpg,21.35701,105.35263,1445856
2022374,2024-11-05 05:59:37.98388+00,Phường 7,[],Phuong 7,https://youimg1.tripcdn.com/target/0103o12000agse4tu95C3.jpg,9.298959,105.72045,2044758
2022509,2024-11-05 05:54:38.449744+00,Vĩnh Thành,[],Vinh Thanh,https://youimg1.tripcdn.com/target/0103o12000agse4tu95C3.jpg,10.200454,106.22279,2134229
2022610,2024-11-01 09:30:30.027296+00,Phước Thuận,"[""https://ak-d.tripcdn.com/images/0ww5y12000cvc3f58F733_D_1180_558.jpg?proc=source%2ftrip""]",Phuoc Thuan,https://ak-d.tripcdn.com/images/0ww5y12000cvc3f58F733.jpg,10.479,107.39671,2134095
2023686,2024-11-05 05:58:40.047001+00,Thị xã Sông Cầu,[],Song Cau,https://youimg1.tripcdn.com/target/0103o12000agse4tu95C3.jpg,13.580907,109.199196,1445795
2025341,2024-11-01 09:30:30.027296+00,Thị xã Ninh Hòa,"[""https://ak-d.tripcdn.com/images/1me4612000bk3a3j0A723_D_1180_558.jpg?proc=source%2ftrip"",""https://ak-d.tripcdn.com/images/fd/tg/g4/M08/06/81/CggYHlYA_DCAGwyIAAKCviuRQ4w638_D_1180_558.jpg?proc=source%2ftrip""]",Ninh Hoa,https://ak-d.tripcdn.com/images/1me4612000bk3a3j0A723.jpg,12.486496,109.13458,24723
2025561,2024-11-01 09:28:07.227724+00,Cam Lâm,"[""https://ak-d.tripcdn.com/images/0ww2112000colv8mk4F34_D_1180_558.jpg?proc=source%2ftrip"",""https://ak-d.tripcdn.com/images/0ww5n12000ardnonlE108_D_1180_558.jpg?proc=source%2ftrip"",""https://ak-d.tripcdn.com/images/10040d0000006u3s7F3DB_D_1180_558.jpg?proc=source%2ftrip""]",Cam Lam District,https://ak-d.tripcdn.com/images/100r0d0000006u3fy3E01.jpg,12.07539,109.140434,24723
2044727,2024-11-05 06:00:42.050858+00,Ninh Giang,[],Ninh Giang,https://youimg1.tripcdn.com/target/0103o12000agse4tu95C3.jpg,20.74911,106.36993,1524637
2044728,2024-11-05 05:59:28.85241+00,Châu Thành,"[""https://ak-d.tripcdn.com/images/0ww4812000aqsffo1D783_D_1180_558.jpg?proc=source%2ftrip""]",Chau Thanh,https://ak-d.tripcdn.com/images/0ww6812000a52bvgbDCF5.jpg,9.680973,105.8995,1524648
2044736,2024-11-05 06:00:43.28988+00,Gò Công,[],Go Cong,https://ak-d.tripcdn.com/images/0ww4n120008z4l5xoECD2.jpg,10.36458,106.67812,1445826
2044756,2024-11-05 05:54:41.864289+00,Huyện Thanh Thuỷ,[],Thanh Thuy,https://youimg1.tripcdn.com/target/0103o12000agse4tu95C3.jpg,21.114182,105.280716,1445856
2044758,2024-11-01 09:38:27.008316+00,Bạc Liêu,"[""https://ak-d.tripcdn.com/images/0ww48120008zbvjcsA943_D_1180_558.jpg?proc=source%2ftrip""]",Bac Lieu,https://ak-d.tripcdn.com/images/0ww2k120008zbrhlzEFC5.jpg,9.294003,105.721565,1447051
2044759,2024-11-05 06:00:31.025834+00,Phú Bình,[],Phu Binh,https://youimg1.tripcdn.com/target/0103o12000agse4tu95C3.jpg,21.484978,105.94649,1445831
2044760,2024-11-01 09:28:07.227724+00,Hòa Bình,[],Hoa Binh,https://ak-d.tripcdn.com/images/0ww2k120008zbrhlzEFC5.jpg,9.270459,105.58974,1447051
2044766,2024-11-05 06:00:26.743625+00,Châu Thành,"[""https://ak-d.tripcdn.com/images/0ww3r12000917t4mg6097_D_1180_558.jpg?proc=source%2ftrip""]",Chau Thanh,https://ak-d.tripcdn.com/images/0ww2h12000917swym9D0D.jpg,10.306782,106.36993,1524614
2044772,2024-11-05 06:00:32.550149+00,An Nhơn,"[""https://ak-d.tripcdn.com/images/0ww4s12000cqc20l8A33A_D_1180_558.jpg?proc=source%2ftrip""]",An Nhon,https://ak-d.tripcdn.com/images/ww0g1f000001gpngh970A.png,13.886506,109.113434,1445820
2044773,2024-11-03 05:17:04.127057+00,Hương Thủy,"[""https://ak-d.tripcdn.com/images/0ww0w12000c6csj7b8B19_D_1180_558.jpg?proc=source%2ftrip"",""https://ak-d.tripcdn.com/images/0ww5012000cf35jndA03A_D_1180_558.jpg?proc=source%2ftrip"",""https://ak-d.tripcdn.com/images/0ww2o120008zcqmxh7C5D_D_1180_558.jpg?proc=source%2ftrip"",""https://ak-d.tripcdn.com/images/0ww4w12000adz8aqcAAE2_D_1180_558.jpg?proc=source%2ftrip""]",Huong Thuy,https://ak-d.tripcdn.com/images/0ww2t12000c6csmzk461E_D_1180_558.jpg,16.408957,107.67725,3170
2044774,2024-11-05 05:59:02.53939+00,Hưng Yên,[],Hung Yen,https://youimg1.tripcdn.com/target/0103o12000agse4tu95C3.jpg,20.654682,106.057846,1524615
2044780,2024-11-05 05:55:46.929889+00,Thanh Hà,[],Thanh Ha,https://youimg1.tripcdn.com/target/0103o12000agse4tu95C3.jpg,20.908358,106.42761,1524637
2044784,2024-11-05 05:55:41.045855+00,Yen Phong,[],Yen Phong,https://youimg1.tripcdn.com/target/0103o12000agse4tu95C3.jpg,21.202957,105.95816,1445852
2134050,2024-11-05 06:09:19.821997+00,Tân Châu,[],Tan Chau,https://ak-d.tripcdn.com/images/0ww0k12000cjgy0f7CB45_D_1180_558.jpg,10.802683,105.19608,1445834
2134076,2024-11-05 05:59:00.367142+00,Kim Bôi,[],Kim Boi District,https://youimg1.tripcdn.com/target/0103o12000agse4tu95C3.jpg,20.690113,105.523994,1445811
2134078,2024-11-01 09:38:31.785686+00,Bắc Hà,"[""https://ak-d.tripcdn.com/images/0ww5o120009c0kt2eBD0A_D_1180_558.jpg?proc=source%2ftrip""]",Bac Ha District,https://ak-d.tripcdn.com/images/0ww3d120009c5cbt24AF6.jpg,22.496548,104.33264,1445658
2134089,2024-11-05 05:59:03.315628+00,Hải Lăng,"[""https://ak-d.tripcdn.com/images/0ww641200090mo65w5AB6_D_1180_558.jpg?proc=source%2ftrip""]",Hai Lang District,https://ak-d.tripcdn.com/images/0ww2t120008y028zdED57.jpg,16.714003,107.26664,1445804
2134095,2024-11-01 09:38:22.518516+00,Xuyên Mộc,"[""https://ak-d.tripcdn.com/images/0101j120009kob5zi5897_D_1180_558.jpg?proc=source%2ftrip"",""https://ak-d.tripcdn.com/images/0103p120009oedtir8FF4_D_1180_558.jpg?proc=source%2ftrip"",""https://ak-d.tripcdn.com/images/0ww5y12000cvc3f58F733_D_1180_558.jpg?proc=source%2ftrip""]",Xuyen Moc District,https://ak-d.tripcdn.com/images/01065120009kob6stC626.jpg,10.617768,107.4322,3172
2134101,2024-11-05 06:03:08.823807+00,Thạch Hà,[],Thach Ha District,https://youimg1.tripcdn.com/target/0103o12000agse4tu95C3_D_1180_558.jpg,18.301315,105.852516,1445810
2134103,2024-11-05 06:01:01.210849+00,Lạc Sơn,[],Lac Son District,https://youimg1.tripcdn.com/target/0103o12000agse4tu95C3.jpg,20.441336,105.453674,1445811
2134104,2024-11-05 06:11:28.626567+00,Tân Lạc,[],Tan Lac District,https://ak-d.tripcdn.com/images/0ww5j12000d4rph6bC5E4_D_1180_558.jpg,20.622803,105.24288,1445811
2134106,2024-11-05 05:58:46.070263+00,Sơn Tây,[],Son Tay District,https://youimg1.tripcdn.com/target/0103o12000agse4tu95C3.jpg,14.948853,108.3564,1524620
2134119,2024-11-01 09:28:30.698774+00,Văn Giang,"[""https://ak-d.tripcdn.com/images/1lo0q12000egpnd8i7853_D_1180_558.jpg?proc=source%2ftrip""]",Van Giang District,https://ak-d.tripcdn.com/images/1lo3d12000egpncgmC472.jpg,20.941484,105.9569,1524615
2134120,2024-11-05 06:00:12.480749+00,Vạn Ninh,"[""https://ak-d.tripcdn.com/images/ww051e000001f14ww95E1_D_1180_558.png?proc=source%2ftrip""]",Van Ninh District,https://ak-d.tripcdn.com/images/10031f000001grym31D2B.jpg,12.724344,109.2627,24723
2134127,2024-11-05 05:57:14.711359+00,Yên Định,[],Yen Dinh District,https://youimg1.tripcdn.com/target/0103o12000agse4tu95C3.jpg,19.986052,105.6178,1594654
2134131,2024-11-05 06:00:58.485596+00,Tân Hưng,[],Tan Hung District,https://youimg1.tripcdn.com/target/0103o12000agse4tu95C3.jpg,10.822652,105.66471,1445817
2134140,2024-11-05 05:56:44.006149+00,Đông Sơn,[],Dong Son District,https://youimg1.tripcdn.com/target/0103o12000agse4tu95C3.jpg,19.804976,105.69991,1594654
2134143,2024-11-05 05:59:35.934706+00,Kiên Hải,[],Kien Hai District,https://youimg1.tripcdn.com/target/0103o12000agse4tu95C3.jpg,9.809136,104.62963,1445816
2134145,2024-11-01 09:38:27.008316+00,Dầu Tiếng,"[""https://ak-d.tripcdn.com/images/100v0z000000nwln800B1_D_1180_558.jpg?proc=source%2ftrip""]",Dau Tieng District,https://ak-d.tripcdn.com/images/100u0y000000lzuvjA097.jpg,11.348909,106.46415,1445815
2134196,2024-11-01 09:28:07.227724+00,Sơn Dương,[],Son Duong District,https://ak-d.tripcdn.com/images/0ww1b12000aqrnx9y89A1.jpg,21.65718,105.359955,1524609
2134200,2024-11-05 06:00:44.711687+00,Đông Hòa,[],Dong Hoa,https://ak-d.tripcdn.com/images/0ww6h12000cjq5ah6DF33.jpg,12.958064,109.35453,1445795
2134202,2024-11-02 17:20:11.106793+00,Đồng Văn,"[""https://ak-d.tripcdn.com/images/0ww6d12000cd0cgptB134_D_1180_558.jpg?proc=source%2ftrip"",""https://ak-d.tripcdn.com/images/0ww4z12000crduk0cA43E_D_1180_558.jpg?proc=source%2ftrip""]",Dong Van District,https://ak-d.tripcdn.com/images/0ww5812000cremndk173D_D_1180_558.jpg,23.224672,105.24288,1524634
2134210,2024-11-05 06:00:27.49692+00,Châu Thành,[],Chau Thanh District,https://youimg1.tripcdn.com/target/0103o12000agse4tu95C3.jpg,10.205055,105.80555,1524594
2134212,2024-11-05 05:54:42.532333+00,Trấn Yên,[],Tran Yen District,https://youimg1.tripcdn.com/target/0103o12000agse4tu95C3.jpg,21.616009,104.798775,1524574
2134217,2024-11-05 06:03:07.375187+00,Việt Yên,"[""https://ak-d.tripcdn.com/images/0ww4o12000b9mijko6305_D_1180_558.jpg?proc=source%2ftrip""]",Viet Yen District,https://ak-d.tripcdn.com/images/0ww5m12000cpz8xl15DBC_D_1180_558.jpg,21.285864,106.08753,1447047
2134220,2024-11-05 05:59:26.221368+00,Thuận Thành,"[""https://ak-d.tripcdn.com/images/0ww6u12000951iv0v25AA_D_1180_558.jpg?proc=source%2ftrip""]",Thuan Thanh District,https://ak-d.tripcdn.com/images/0ww2n12000cj92qr4C59F.jpg,21.035778,106.079254,1445852
2134227,2024-11-05 06:03:10.741555+00,Đoan Hùng,[],Doan Hung District,https://youimg1.tripcdn.com/target/0103o12000agse4tu95C3_D_1180_558.jpg,21.607164,105.149284,1445856
2134229,2024-11-05 06:02:55.319406+00,Chợ Lách,[],Cho Lach District,https://youimg1.tripcdn.com/target/0103o12000agse4tu95C3_D_1180_558.jpg,10.241094,106.16985,1524614
2134232,2024-11-05 06:00:31.850687+00,Long Điền,"[""https://ak-d.tripcdn.com/images/ww0e1e000001ey9f47A19_D_1180_558.png?proc=source%2ftrip""]",Long Dien District,https://ak-d.tripcdn.com/images/0ww4t12000crdajyq7B93.jpg,10.444924,107.23118,3172
2134233,2024-11-05 06:04:07.617585+00,Long Phú,[],Long Phu District,https://youimg1.tripcdn.com/target/0103o12000agse4tu95C3_D_1180_558.jpg,9.6289425,106.08753,1524648
2134237,2024-11-02 18:27:12.172533+00,Thăng Bình,"[""https://ak-d.tripcdn.com/images/0104s120009lo6vah44CD_D_1180_558.jpg?proc=source%2ftrip""]",Thang Binh District,https://ak-d.tripcdn.com/images/01049120009lo75q25C13_D_1180_558.jpg,15.689034,108.380135,3171
2134246,2024-11-05 05:59:04.072996+00,Lạng Giang,[],Lang Giang District,https://youimg1.tripcdn.com/target/0103o12000agse4tu95C3.jpg,21.364643,106.22868,1447047
2134247,2024-11-05 05:59:01.873457+00,Tánh Linh,[],Tanh Linh District,https://youimg1.tripcdn.com/target/0103o12000agse4tu95C3.jpg,11.098063,107.6785,3168
2134357,2024-11-05 05:56:39.255715+00,Phủ Lý,[],Phu Ly,https://youimg1.tripcdn.com/target/0103o12000agse4tu95C3.jpg,20.549877,105.91124,1524610
2134376,2024-11-05 05:59:06.481546+00,Thạnh Phú,[],Thanh Phu District,https://youimg1.tripcdn.com/target/0103o12000agse4tu95C3.jpg,9.907723,106.55841,1524614
2134385,2024-11-05 06:00:40.722788+00,Chợ Mới,[],Cho Moi District,https://youimg1.tripcdn.com/target/0103o12000agse4tu95C3.jpg,10.482525,105.47711,1445834
2134408,2024-11-05 06:10:43.616593+00,Hoà Thành,[],Hoa Thanh District,https://ak-d.tripcdn.com/images/10071f000001h6x0u6743_D_1180_558.jpg,11.268045,106.14633,1524613
2134410,2024-11-05 06:00:56.55276+00,Tiền Hải,[],Tien Hai District,https://youimg1.tripcdn.com/target/0103o12000agse4tu95C3.jpg,20.36094,106.55841,1445827
2134411,2024-11-05 06:00:24.573762+00,Tân Phú,[],Tan Phu District,https://ak-d.tripcdn.com/images/0ww0312000cprg9fvABE1.jpg,11.427531,107.36123,1445832
2134425,2024-11-05 06:03:54.747082+00,Hà Trung,[],Ha Trung District,https://youimg1.tripcdn.com/target/0103o12000agse4tu95C3_D_1180_558.jpg,20.061708,105.80555,1594654
2134428,2024-11-05 06:04:01.328409+00,Phù Mỹ,[],Phu My District,https://youimg1.tripcdn.com/target/0103o12000agse4tu95C3_D_1180_558.jpg,14.215764,109.11665,1445820
2134436,2024-11-05 06:04:15.248437+00,Kỳ Sơn,"[""https://ak-d.tripcdn.com/images/0ww6612000c79ng5aF1B8_D_1180_558.jpg?proc=source%2ftrip""]",Ky Son District,https://ak-d.tripcdn.com/images/0ww6l12000c79n7t4DB22_D_1180_558.jpg,19.38547,104.18279,1445828
2134450,2024-11-05 06:00:19.260851+00,Xuân Trường,[],Xuan Truong District,https://youimg1.tripcdn.com/target/0103o12000agse4tu95C3.jpg,20.299332,106.358154,1445818
2134460,2024-11-05 05:59:29.631127+00,Vụ Bản,[],Vu Ban District,https://ak-d.tripcdn.com/images/100t1f000001gqa6eAD04.jpg,20.370142,106.09929,1445818
2135741,2024-11-01 09:38:31.785686+00,Cát Hải,[],Cat Hai,https://ak-d.tripcdn.com/images/01002120009e42ssc48FF.jpg,20.804106,106.93023,180